PASS: all output components match compress stuff/layers.py

Component shapes (flags: E, C, D, H, W; features are always last):
dims=(0, 1, 0, 0, 0): x.shape=(3, 4), output.shape=(3, 4)
dims=(1, 1, 0, 0, 0): x.shape=(2, 3, 4), output.shape=(2, 3, 4)
dims=(0, 0, 1, 0, 0): x.shape=(8, 4), output.shape=(8, 4)
dims=(1, 0, 1, 0, 0): x.shape=(2, 8, 4), output.shape=(2, 8, 4)
dims=(0, 1, 1, 0, 0): x.shape=(3, 8, 4), output.shape=(3, 8, 4)
dims=(1, 1, 1, 0, 0): x.shape=(2, 3, 8, 4), output.shape=(2, 3, 8, 4)
dims=(1, 0, 0, 1, 0): x.shape=(2, 3, 4), output.shape=(2, 3, 4)
dims=(1, 1, 0, 1, 0): x.shape=(2, 3, 3, 4), output.shape=(2, 3, 3, 4)
dims=(1, 0, 1, 1, 0): x.shape=(2, 8, 3, 4), output.shape=(2, 8, 3, 4)
dims=(1, 1, 1, 1, 0): x.shape=(2, 3, 8, 3, 4), output.shape=(2, 3, 8, 3, 4)
dims=(1, 0, 0, 0, 1): x.shape=(2, 5, 4), output.shape=(2, 5, 4)
dims=(1, 1, 0, 0, 1): x.shape=(2, 3, 5, 4), output.shape=(2, 3, 5, 4)
dims=(1, 0, 1, 0, 1): x.shape=(2, 8, 5, 4), output.shape=(2, 8, 5, 4)
dims=(1, 1, 1, 0, 1): x.shape=(2, 3, 8, 5, 4), output.shape=(2, 3, 8, 5, 4)
dims=(1, 0, 0, 1, 1): x.shape=(2, 3, 5, 4), output.shape=(2, 3, 5, 4)
dims=(1, 1, 0, 1, 1): x.shape=(2, 3, 3, 5, 4), output.shape=(2, 3, 3, 5, 4)
dims=(1, 0, 1, 1, 1): x.shape=(2, 8, 3, 5, 4), output.shape=(2, 8, 3, 5, 4)
dims=(1, 1, 1, 1, 1): x.shape=(2, 3, 8, 3, 5, 4), output.shape=(2, 3, 8, 3, 5, 4)

Inspecting dims=(1, 1, 1, 1, 1)
x.shape: torch.Size([2, 3, 8, 3, 5, 4])
x:
 tensor([[[[[[     0.017,      0.987,     -0.713,     -0.449],
            [    -0.506,     -2.558,     -1.519,     -1.588],
            [     0.656,      0.192,     -1.467,     -0.692],
            [    -0.146,     -1.171,      0.084,      1.778],
            [     1.607,      0.118,     -1.440,     -1.693]],

           [[    -1.169,      0.102,     -0.798,     -2.237],
            [     1.173,      1.390,     -0.124,      1.139],
            [    -1.457,      0.583,     -0.351,      1.040],
            [     0.106,     -1.256,     -0.370,     -1.309],
            [     0.776,      0.245,      0.140,     -1.004]],

           [[    -0.398,     -0.037,      1.008,      1.845],
            [     1.248,     -0.761,     -1.145,     -1.523],
            [     0.313,      0.679,      0.242,     -0.000],
            [    -0.333,      1.440,      0.235,      1.485],
            [    -0.620,     -1.374,      0.605,     -0.675]]],


          [[[    -0.952,      1.385,     -0.461,      0.478],
            [    -1.006,      0.043,     -0.916,      0.574],
            [     0.379,      0.405,      0.757,      0.621],
            [    -0.059,      0.307,      0.220,     -0.721],
            [     0.605,     -0.415,      2.385,      3.674]],

           [[    -1.158,      0.875,      1.363,      0.895],
            [    -0.236,      0.224,     -0.087,      2.256],
            [     0.542,      0.207,      0.506,     -0.890],
            [    -0.120,     -1.598,      0.279,     -0.342],
            [     1.558,     -0.219,     -0.468,      0.483]],

           [[     0.555,     -1.287,     -0.813,     -0.213],
            [     0.626,     -1.496,      2.704,      1.690],
            [     2.320,     -0.206,     -1.150,     -1.467],
            [    -1.551,      0.660,      0.981,      1.206],
            [    -0.529,      0.938,     -0.925,     -1.647]]],


          [[[     0.374,      0.363,     -0.471,     -0.136],
            [     0.049,      0.085,      0.026,      0.313],
            [     1.132,     -1.072,     -0.338,      0.637],
            [     0.651,      0.228,      0.362,     -0.671],
            [     0.364,      0.376,      1.150,     -2.415]],

           [[    -1.233,      0.372,     -0.562,     -1.125],
            [    -0.721,     -0.343,     -0.875,      0.634],
            [     1.991,      0.367,      0.685,     -0.636],
            [    -1.087,      0.886,     -0.759,      0.527],
            [    -0.200,      0.476,     -0.170,     -1.165]],

           [[     1.492,     -0.813,     -1.456,     -0.954],
            [    -1.182,      0.218,      0.187,     -1.879],
            [     0.094,      0.623,      0.310,     -1.888],
            [     0.587,     -0.445,      0.415,      0.228],
            [     0.240,      1.181,      0.805,      0.401]]],


          [[[    -0.442,      1.536,     -1.110,      0.995],
            [    -0.601,      1.989,     -0.702,     -0.204],
            [     0.758,      0.096,      0.764,      0.657],
            [     0.314,      0.308,      1.288,      0.586],
            [    -0.713,      1.695,     -1.280,      1.775]],

           [[    -0.371,     -1.004,      0.536,     -1.345],
            [    -1.216,      1.657,     -0.082,     -0.606],
            [     0.839,     -0.164,     -0.671,     -1.542],
            [     0.481,      0.086,      0.494,     -0.314],
            [     0.088,     -0.592,      1.192,     -0.010]],

           [[    -1.984,     -1.955,      1.923,      0.717],
            [    -0.135,      0.251,      0.247,      0.684],
            [     0.094,     -2.036,     -1.137,     -0.063],
            [    -0.943,      0.300,      0.625,     -0.280],
            [     0.836,      1.548,      0.080,      0.286]]],


          [[[     0.434,      0.629,     -0.034,      0.581],
            [    -0.401,      0.030,     -0.377,      0.562],
            [     1.686,     -0.116,     -0.143,     -0.374],
            [    -1.476,      2.343,      0.006,     -1.120],
            [     1.072,      1.232,     -0.154,      0.341]],

           [[     0.609,     -0.292,     -0.283,      1.589],
            [    -0.712,      0.177,      2.210,      0.589],
            [    -0.951,     -0.936,      0.235,     -0.774],
            [     1.441,     -0.195,      0.228,      0.011],
            [     1.804,      0.270,     -0.033,      0.273]],

           [[    -1.358,     -1.430,      0.774,     -0.745],
            [    -1.642,      2.037,     -0.305,     -0.766],
            [    -0.596,     -1.892,     -1.508,      0.644],
            [     1.819,     -1.047,      0.504,      0.218],
            [    -0.480,      0.401,      0.082,      2.015]]],


          [[[     0.971,      0.372,     -0.010,      0.594],
            [    -1.298,     -0.631,     -0.141,     -1.053],
            [     0.841,     -0.928,     -0.049,     -1.314],
            [    -2.037,     -0.643,     -0.854,     -0.440],
            [     0.850,      1.058,      0.016,      0.862]],

           [[    -0.489,      1.290,      0.308,     -0.608],
            [    -1.780,     -0.889,      0.053,      0.465],
            [    -0.455,      0.387,     -0.361,      0.432],
            [     0.160,      0.396,     -0.567,     -0.567],
            [    -1.175,      0.775,     -0.126,      0.089]],

           [[    -0.958,      0.021,      0.636,      0.536],
            [    -0.959,      0.025,      0.058,     -0.447],
            [     0.614,     -0.032,      0.891,      1.271],
            [    -0.978,     -1.260,     -0.112,      0.317],
            [     0.678,      0.404,      0.117,     -0.394]]],


          [[[     0.470,      0.708,     -1.472,     -0.355],
            [    -0.523,     -0.494,      0.639,     -1.088],
            [     0.345,      1.243,      0.893,     -1.090],
            [     3.053,      0.927,     -1.900,     -0.546],
            [    -2.243,     -0.380,      2.601,     -1.229]],

           [[     0.654,      1.611,      0.326,      0.788],
            [     0.164,     -1.415,     -1.721,      0.060],
            [    -2.230,     -1.614,      1.368,     -0.940],
            [     1.683,     -0.049,      1.444,     -0.658],
            [    -0.900,     -0.958,      1.446,      2.514]],

           [[     0.139,      2.133,      0.807,      0.325],
            [    -0.303,     -0.965,      0.902,     -1.955],
            [     1.460,      1.844,      2.128,     -0.117],
            [    -0.362,      0.748,     -0.051,     -0.372],
            [     1.458,      0.001,      0.818,     -0.136]]],


          [[[     0.169,     -1.233,      0.368,      0.613],
            [    -0.530,      0.392,      0.803,      0.341],
            [     0.839,     -1.691,     -0.915,     -1.314],
            [    -0.503,     -0.126,     -0.278,     -0.262],
            [    -1.143,      0.748,     -0.225,     -0.482]],

           [[    -1.992,      1.412,      0.159,     -0.136],
            [    -0.771,      0.492,      0.930,      0.037],
            [     0.692,      0.354,     -0.180,      0.785],
            [    -0.508,     -1.271,     -0.747,     -1.096],
            [    -1.693,      1.061,     -2.258,      0.001]],

           [[     0.474,      0.832,     -0.920,      0.103],
            [    -2.106,     -0.505,      1.421,     -0.379],
            [    -1.128,      0.163,      0.116,     -1.110],
            [     1.012,      1.094,     -1.540,     -0.917],
            [    -0.838,      0.732,      1.997,     -1.360]]]],



         [[[[    -0.564,      0.844,      0.226,     -0.468],
            [    -0.864,     -0.011,     -0.289,     -0.264],
            [    -0.623,     -0.665,      1.302,      0.308],
            [    -1.186,     -0.596,      0.896,      0.488],
            [    -1.052,      0.037,      0.191,     -0.452]],

           [[     0.322,      0.460,      1.315,      0.872],
            [    -1.377,      0.299,     -1.949,     -1.650],
            [    -0.636,     -0.925,     -1.734,      0.298],
            [    -1.267,      0.506,      1.145,     -0.314],
            [    -0.601,     -1.283,     -1.073,     -0.472]],

           [[     0.330,     -0.301,     -1.136,      1.259],
            [    -0.696,      0.355,     -0.078,      0.423],
            [     1.879,      0.713,      0.456,     -1.635],
            [     1.659,     -1.065,      1.594,      2.039],
            [     1.236,      0.726,     -0.994,      0.406]]],


          [[[     0.493,     -0.692,      0.160,      0.025],
            [    -0.137,      1.075,      0.523,     -1.107],
            [     0.714,      1.055,     -0.870,      0.525],
            [    -0.010,     -1.463,      0.434,      0.496],
            [     0.254,      0.158,      1.216,      0.335]],

           [[     0.434,     -0.156,      1.168,      0.235],
            [    -0.258,     -0.247,     -0.966,     -0.752],
            [    -1.864,      2.061,      0.403,      0.467],
            [    -0.553,     -0.140,     -0.857,     -0.247],
            [     1.150,     -0.701,     -0.852,     -0.453]],

           [[    -0.315,      0.185,      0.914,      0.779],
            [    -0.979,      1.216,      0.727,     -0.606],
            [     0.073,     -0.551,      0.009,      0.965],
            [    -0.110,     -1.780,     -1.098,     -1.994],
            [     1.815,     -0.788,     -0.286,      1.058]]],


          [[[    -1.285,     -0.859,      0.756,     -0.609],
            [    -0.328,     -0.539,      0.583,     -0.237],
            [     3.176,      0.881,      0.368,      1.270],
            [    -1.710,     -0.032,      0.454,     -0.406],
            [    -2.415,      1.515,      0.797,      0.238]],

           [[     1.408,      0.697,     -0.858,      0.421],
            [    -0.139,     -1.996,     -0.877,     -0.459],
            [     0.222,     -0.170,     -0.206,      1.101],
            [    -0.975,     -1.357,      0.538,     -0.246],
            [    -1.280,      0.545,      0.085,     -0.212]],

           [[    -0.861,     -0.217,     -0.396,      1.314],
            [    -1.852,     -0.781,      0.909,     -0.149],
            [    -0.569,      0.049,      0.310,     -1.761],
            [    -0.208,     -0.190,     -0.840,     -0.361],
            [     0.602,      0.094,     -0.625,      0.593]]],


          [[[     1.663,      0.407,     -1.183,      0.792],
            [     0.478,      0.332,     -1.141,     -0.205],
            [    -0.219,      0.577,      2.006,     -1.053],
            [     1.547,      1.377,      0.089,     -0.762],
            [    -0.254,      1.738,      0.441,      1.196]],

           [[     1.124,     -0.391,     -0.368,     -2.863],
            [    -0.151,     -0.901,     -0.755,      1.660],
            [    -0.302,     -1.063,     -2.536,      1.039],
            [     0.315,      0.903,      0.096,     -0.135],
            [     0.908,     -0.048,      0.823,     -0.798]],

           [[    -0.615,     -1.292,     -0.043,      0.080],
            [    -0.916,     -0.850,     -0.706,     -0.624],
            [    -0.702,      1.344,      0.318,      0.594],
            [    -0.676,      0.330,     -0.858,     -0.951],
            [    -1.517,      0.488,      0.550,     -0.635]]],


          [[[     1.123,     -1.047,      1.071,      0.144],
            [    -0.391,     -0.790,      0.459,      0.631],
            [     0.308,      0.004,     -0.966,     -0.825],
            [     0.457,      1.091,     -0.170,      0.633],
            [     0.671,     -0.199,      1.018,      1.454]],

           [[     2.908,     -1.343,      0.083,      0.121],
            [    -0.738,     -0.517,     -0.064,      0.130],
            [    -0.398,     -0.001,      0.936,      0.299],
            [     0.209,      0.395,      0.157,     -1.177],
            [     2.272,      1.662,     -0.101,     -1.081]],

           [[     0.018,      0.981,      0.387,      0.056],
            [     0.147,     -2.757,      1.158,      1.120],
            [    -1.488,      1.967,     -0.375,      0.346],
            [    -2.216,      0.334,      0.891,     -1.821],
            [     0.272,      0.136,      0.171,      1.488]]],


          [[[     0.813,     -1.223,      1.006,     -2.902],
            [    -0.057,     -1.141,      1.006,      0.861],
            [    -0.589,      0.535,     -0.717,      1.329],
            [     1.198,     -0.648,      1.698,     -0.819],
            [     1.318,     -0.362,     -0.527,     -1.166]],

           [[    -0.301,      1.223,     -0.532,      1.428],
            [    -0.321,      0.646,     -0.262,      0.568],
            [     1.936,      0.472,      0.417,     -1.590],
            [     0.935,      0.812,     -0.492,      0.070],
            [    -0.222,      1.305,      0.227,      0.679]],

           [[     0.278,     -0.683,      0.432,      0.160],
            [    -0.932,     -0.410,      1.104,     -1.720],
            [     1.142,      0.773,      1.420,     -1.685],
            [     1.435,      1.091,      1.413,     -1.005],
            [    -0.590,     -0.485,      0.278,     -1.622]]],


          [[[     2.621,      2.030,     -0.704,      1.087],
            [     0.866,     -0.836,      0.370,     -0.879],
            [     0.963,      0.100,     -0.203,      1.036],
            [    -0.175,     -0.133,      0.803,      0.520],
            [    -0.386,     -0.194,     -0.209,      0.469]],

           [[     0.163,      3.263,      0.092,     -0.395],
            [     2.375,      0.588,      0.008,     -0.186],
            [    -0.152,     -0.666,     -0.103,     -1.067],
            [    -0.960,     -0.568,      0.954,      1.127],
            [     0.901,      2.079,      1.177,      1.014]],

           [[     2.253,     -0.620,      0.046,      1.011],
            [     1.023,      1.324,     -3.106,      1.341],
            [     0.265,     -0.303,      0.393,     -0.238],
            [    -1.625,      0.315,      1.331,     -0.240],
            [    -0.212,      1.147,      0.116,     -0.454]]],


          [[[     2.271,      0.788,     -0.306,     -0.007],
            [    -0.097,     -0.366,     -0.301,     -1.105],
            [    -1.344,     -1.045,     -1.258,      0.835],
            [    -0.967,     -0.550,      0.809,      0.611],
            [    -0.787,      0.927,     -0.896,      0.265]],

           [[    -0.263,     -0.770,      0.170,      0.466],
            [    -0.545,      0.474,      0.583,     -0.802],
            [     0.397,     -0.497,     -0.514,     -1.666],
            [    -1.802,     -2.059,     -1.428,     -0.053],
            [     0.287,     -1.085,      0.324,     -1.504]],

           [[     0.153,      2.095,     -1.382,     -0.297],
            [     0.094,     -0.367,     -0.355,      0.411],
            [     0.347,      0.542,     -1.378,      0.503],
            [    -0.762,      0.914,      0.310,     -1.339],
            [    -0.491,      1.119,      0.025,      0.195]]]],



         [[[[     1.371,      0.930,      1.185,      0.109],
            [    -0.092,      1.472,     -1.941,      0.487],
            [    -0.423,      0.508,     -0.817,      0.613],
            [    -0.331,      0.204,     -2.128,     -1.141],
            [     0.345,     -0.874,      0.553,      0.351]],

           [[    -0.966,      0.954,     -0.199,     -0.795],
            [    -1.751,     -0.631,      0.727,     -0.539],
            [     1.539,     -1.590,     -0.911,      1.167],
            [    -1.208,     -0.977,      1.324,     -0.902],
            [    -0.078,      0.015,      1.891,      1.947]],

           [[     1.733,      0.460,     -0.295,     -0.107],
            [    -0.162,     -1.243,     -0.923,      0.700],
            [    -1.376,     -0.051,      0.867,     -0.715],
            [     0.193,      0.836,     -0.057,     -1.088],
            [    -1.185,     -1.021,      1.140,      1.528]]],


          [[[    -0.156,     -0.818,      0.623,     -0.099],
            [    -1.294,      0.199,      0.011,     -0.602],
            [    -0.385,     -0.502,     -1.151,     -0.343],
            [     0.462,     -1.215,     -0.929,     -0.987],
            [     1.034,      1.697,      1.624,      0.302]],

           [[    -1.538,      1.039,      0.896,     -1.123],
            [     0.231,     -0.906,      0.970,      0.972],
            [    -0.735,     -1.363,      0.720,      0.299],
            [     1.456,      0.481,      0.042,      0.746],
            [    -0.090,     -0.218,      1.168,     -1.038]],

           [[    -1.464,      0.355,      1.741,     -1.009],
            [     0.471,      3.198,      0.262,     -1.335],
            [    -1.187,     -0.324,      0.883,     -1.079],
            [    -1.080,      0.196,     -0.997,     -1.198],
            [    -1.757,     -0.727,     -0.338,     -0.511]]],


          [[[     0.400,     -0.351,     -0.665,     -0.719],
            [     0.612,      0.338,     -0.673,      1.614],
            [    -0.194,      0.403,     -0.203,      1.055],
            [    -0.566,     -0.445,      0.598,      1.295],
            [     0.301,      0.239,     -0.122,      1.301]],

           [[    -0.772,     -0.170,     -0.991,      0.141],
            [     0.499,     -0.252,     -0.584,     -0.131],
            [    -1.137,      0.488,     -1.044,      0.876],
            [    -1.135,      0.662,     -0.392,     -1.367],
            [    -1.098,      1.520,      0.046,     -0.314]],

           [[     0.336,      1.419,     -1.326,      0.850],
            [    -1.271,     -1.887,     -0.747,      0.506],
            [    -0.842,      1.006,     -1.651,      1.402],
            [     0.900,      0.740,     -0.250,      0.261],
            [    -0.030,      0.481,     -1.979,      0.484]]],


          [[[     0.301,      0.092,      1.009,      0.608],
            [    -0.839,     -1.712,     -1.514,     -0.123],
            [    -2.190,     -1.034,     -0.925,     -1.896],
            [     0.719,     -0.569,      0.918,      0.707],
            [     0.018,     -0.573,      2.125,     -1.029]],

           [[     0.318,     -0.705,      1.543,      0.741],
            [    -0.731,     -0.539,     -0.301,      1.054],
            [    -0.949,      1.631,      0.565,     -0.412],
            [     1.615,     -0.711,      0.195,      1.424],
            [     1.587,      0.244,     -0.716,      0.618]],

           [[    -0.432,     -0.509,     -0.929,      2.145],
            [    -0.299,     -1.670,     -0.878,     -0.080],
            [    -0.097,      0.185,      1.229,      1.931],
            [     1.483,     -1.483,      0.249,     -0.183],
            [    -0.998,     -0.508,      1.257,      0.072]]],


          [[[     1.046,      0.188,      0.545,     -1.575],
            [    -0.477,      1.720,      0.051,     -0.957],
            [     0.766,      0.201,      0.579,      0.776],
            [    -0.499,      1.649,      0.395,     -2.125],
            [    -1.454,      0.277,      1.130,     -0.956]],

           [[    -0.689,     -0.017,     -2.289,      1.285],
            [     1.119,     -1.172,     -0.884,     -0.892],
            [     0.814,      1.496,      0.526,      1.125],
            [    -0.448,     -0.549,     -2.126,     -0.036],
            [    -0.108,     -0.596,      0.670,     -0.456]],

           [[    -1.286,      0.503,      1.501,     -0.214],
            [    -0.315,      0.329,     -1.022,     -3.342],
            [    -1.767,      0.412,     -1.281,     -1.209],
            [     2.183,     -0.587,     -0.031,      0.700],
            [     0.159,      0.930,     -0.415,     -1.340]]],


          [[[     0.216,      0.735,     -0.271,     -0.225],
            [    -0.517,      0.420,     -1.300,     -0.420],
            [     0.079,      0.582,      0.639,      0.892],
            [     1.145,     -0.714,     -0.698,     -0.300],
            [     0.585,      0.190,      0.107,     -2.753]],

           [[     1.016,     -0.591,      0.427,     -2.072],
            [     0.680,     -0.422,      1.638,     -0.567],
            [     0.107,      0.106,     -0.921,      0.416],
            [    -0.472,     -0.594,      0.342,     -1.353],
            [     0.202,      1.420,     -1.590,     -0.955]],

           [[    -0.118,      0.297,     -0.193,     -0.840],
            [    -0.480,     -0.206,      0.546,     -1.741],
            [    -1.318,     -0.421,      1.000,     -0.352],
            [    -1.093,      0.510,     -0.007,      1.939],
            [     0.447,     -1.847,     -1.011,     -1.487]]],


          [[[    -1.047,     -2.349,      0.785,     -0.244],
            [     0.679,      0.127,     -0.093,      0.146],
            [     1.100,      0.313,      0.244,      0.984],
            [    -0.775,      1.426,     -1.286,      0.242],
            [    -0.441,      0.109,     -0.485,     -0.369]],

           [[     1.176,      0.296,     -0.592,      1.593],
            [     0.585,      2.277,     -0.769,      0.589],
            [     1.330,     -2.505,     -0.267,     -0.041],
            [     1.321,      1.474,     -0.654,     -1.121],
            [     1.538,      0.007,      0.414,     -0.713]],

           [[    -0.753,     -0.221,     -1.901,     -0.012],
            [    -0.127,     -0.680,      0.582,      0.100],
            [     1.664,     -0.136,      0.072,     -0.947],
            [     0.228,      0.575,     -0.114,     -0.103],
            [     1.398,     -1.431,     -0.156,     -0.651]]],


          [[[     0.028,     -0.946,     -0.568,      1.931],
            [     0.354,      1.488,     -0.784,      2.336],
            [     1.944,      0.414,      1.390,     -0.362],
            [    -0.448,      2.260,     -0.878,      0.016],
            [     1.305,     -1.001,     -1.979,     -0.921]],

           [[     0.262,     -0.011,     -0.900,      0.094],
            [     0.564,      0.182,     -1.121,     -0.593],
            [    -0.526,      0.657,      0.599,      0.166],
            [    -0.743,     -1.648,     -2.023,     -0.301],
            [    -0.870,     -0.735,     -0.517,     -0.889]],

           [[     0.262,      1.105,      1.192,     -0.049],
            [    -1.115,     -0.493,     -0.671,      1.123],
            [    -1.200,      0.232,      0.982,     -1.312],
            [    -1.355,     -0.020,     -0.480,      1.252],
            [    -0.039,     -0.459,      1.013,     -1.804]]]]],




        [[[[[     1.142,     -0.015,      0.572,      1.187],
            [    -0.252,      0.207,     -0.642,      0.902],
            [    -0.871,     -0.318,     -1.029,     -0.803],
            [    -0.884,     -0.612,      0.657,      0.894],
            [    -0.112,     -0.442,     -0.138,      0.276]],

           [[     1.238,      0.182,      1.991,      0.037],
            [    -0.495,      0.799,     -1.661,     -0.397],
            [     0.743,     -2.719,     -0.603,     -0.012],
            [    -1.155,      0.797,     -2.183,     -0.691],
            [     0.359,     -0.499,     -0.226,      0.282]],

           [[    -0.305,     -0.361,     -0.602,     -0.831],
            [    -0.554,      1.966,     -0.345,     -0.088],
            [    -0.679,     -0.272,     -1.523,     -0.977],
            [    -1.664,      0.185,     -1.661,     -0.889],
            [    -0.910,      0.726,     -1.005,     -1.501]]],


          [[[    -1.068,      0.647,     -0.118,      1.325],
            [    -0.983,      1.922,      1.400,     -0.339],
            [     0.100,     -1.500,      0.515,     -1.167],
            [    -1.772,      0.136,      0.655,     -0.080],
            [     1.421,     -0.923,     -0.432,      1.018]],

           [[     0.031,      1.728,      2.363,      0.610],
            [    -0.588,     -0.147,      1.029,     -0.148],
            [    -0.119,      0.409,     -2.279,     -0.625],
            [    -0.384,      0.478,      0.491,     -0.373],
            [    -0.273,      0.503,      0.508,      1.869]],

           [[    -0.214,      0.133,      0.162,      0.205],
            [     0.365,      1.000,      1.064,     -1.861],
            [     1.218,     -1.025,      0.449,     -0.872],
            [    -0.017,     -0.609,     -0.591,     -0.341],
            [     0.254,     -1.931,     -0.099,      0.638]]],


          [[[    -1.067,     -0.506,     -0.524,      1.900],
            [    -0.777,     -0.642,     -0.082,      0.804],
            [     3.447,      0.818,      0.541,     -0.406],
            [    -0.544,     -0.566,      1.535,     -0.818],
            [     0.855,      0.216,      0.265,      0.926]],

           [[    -0.838,     -0.797,     -1.050,      0.984],
            [    -0.573,      1.661,     -0.510,      0.486],
            [     0.368,     -0.299,      0.364,      0.710],
            [     1.328,      1.325,     -0.640,     -1.391],
            [     1.310,     -1.391,      1.275,     -0.003]],

           [[    -1.234,      1.224,      0.993,     -0.701],
            [     0.777,      1.318,      1.241,     -0.317],
            [     0.721,      0.817,     -1.134,     -0.072],
            [     0.399,     -0.786,     -0.949,     -0.263],
            [    -0.785,      1.862,      0.544,     -0.445]]],


          [[[     1.278,      0.812,      0.234,     -0.598],
            [     0.549,     -0.710,     -0.098,     -0.974],
            [     0.426,     -2.056,      0.697,      1.425],
            [    -1.034,      0.081,     -0.607,     -0.130],
            [     0.451,      2.441,      0.936,      0.566]],

           [[     0.643,     -0.239,     -0.029,     -1.437],
            [     2.357,      0.521,     -0.243,      0.971],
            [    -1.530,     -1.235,     -2.267,     -0.462],
            [    -0.479,     -0.950,     -0.231,      1.427],
            [     0.070,      0.379,      0.429,      0.379]],

           [[     1.066,      1.448,      0.048,      0.680],
            [     1.707,     -2.135,     -0.018,      3.406],
            [     1.093,      0.641,      0.549,      1.205],
            [     2.459,     -0.012,      0.752,     -0.071],
            [     0.699,      1.061,     -0.553,     -0.181]]],


          [[[     1.465,      0.345,      0.849,      1.750],
            [     2.137,     -0.577,     -0.848,     -1.561],
            [    -0.179,      0.452,      0.578,      0.330],
            [    -0.872,     -1.612,     -0.652,      0.334],
            [    -0.226,      0.007,      0.307,     -0.292]],

           [[     0.490,     -0.050,      2.327,     -0.144],
            [     2.064,     -0.386,     -0.550,      0.659],
            [    -0.028,     -0.161,     -1.166,      0.696],
            [    -1.637,      1.779,      0.473,      0.285],
            [    -0.437,      1.994,     -1.086,     -0.842]],

           [[    -1.118,      0.280,     -0.472,     -0.126],
            [    -0.467,      0.610,     -1.812,     -1.365],
            [     1.850,      0.957,      0.015,      0.618],
            [    -0.516,      1.098,     -0.562,      0.122],
            [    -1.648,     -1.772,     -1.377,      0.566]]],


          [[[     1.593,      0.631,     -2.519,      2.141],
            [    -0.239,      0.471,      0.395,      0.112],
            [    -0.596,     -0.021,      1.043,     -1.370],
            [    -0.083,      1.130,      0.935,      0.730],
            [    -1.682,     -0.015,      0.620,     -2.812]],

           [[    -0.501,      0.437,     -0.727,     -1.572],
            [    -0.858,     -0.066,     -0.545,      0.509],
            [     1.211,      0.708,     -1.347,     -0.794],
            [     1.148,      0.880,     -1.251,      0.952],
            [    -0.367,     -0.692,     -0.496,      1.367]],

           [[     0.830,      0.586,     -0.284,      1.299],
            [     0.237,     -0.490,      0.099,      0.334],
            [     0.728,      0.074,      0.637,      1.304],
            [     0.544,     -0.294,      0.436,      0.210],
            [     1.655,     -0.810,      0.815,      0.064]]],


          [[[    -1.624,      0.500,     -0.289,      1.917],
            [     0.857,      0.754,     -2.070,     -0.090],
            [    -0.217,     -1.155,      0.345,     -1.566],
            [     1.300,      0.869,      2.255,      0.288],
            [    -1.375,     -0.247,     -1.121,     -1.239]],

           [[     0.588,      0.040,     -1.508,     -2.654],
            [    -1.880,      0.170,      1.020,     -0.753],
            [     0.718,      0.431,     -1.466,     -1.817],
            [     2.068,     -0.294,     -1.389,     -0.408],
            [    -0.596,     -1.300,      0.661,     -0.144]],

           [[     0.996,      0.414,      1.609,     -0.947],
            [     0.306,      1.652,      0.224,      1.882],
            [     0.369,      1.561,     -0.898,     -0.227],
            [    -1.216,      0.144,     -0.015,     -0.988],
            [     0.474,     -0.542,      2.266,      1.110]]],


          [[[     1.322,     -0.216,      0.781,      0.340],
            [     0.539,     -1.424,      0.056,     -0.696],
            [    -0.819,      0.590,      0.643,      0.430],
            [    -0.488,     -1.293,     -0.600,     -0.235],
            [     0.356,      0.672,      1.258,     -1.172]],

           [[     0.421,      1.207,     -0.755,      0.924],
            [     0.004,     -1.774,     -0.858,      0.111],
            [    -0.837,      0.948,     -0.917,     -0.441],
            [     0.757,      0.298,      0.440,      1.481],
            [    -0.950,      0.172,      0.296,      1.081]],

           [[     0.983,     -0.571,     -0.470,     -0.610],
            [     0.096,      0.014,     -0.404,     -1.756],
            [     0.180,      2.206,      1.941,      0.621],
            [    -1.141,      0.880,      0.637,      0.359],
            [     0.075,     -0.545,      0.872,      1.409]]]],



         [[[[     0.568,      0.452,     -1.448,     -0.935],
            [     0.418,      0.808,      0.487,     -1.502],
            [     1.169,      1.774,     -0.232,     -0.786],
            [    -0.768,     -0.532,     -0.563,     -0.554],
            [     0.070,     -0.629,      1.413,      2.026]],

           [[    -0.244,     -1.410,     -1.272,      0.151],
            [     0.640,      0.435,     -1.001,      0.609],
            [    -0.601,     -0.632,     -0.596,      0.404],
            [    -1.102,     -0.277,     -0.005,      0.657],
            [    -0.165,     -0.007,     -0.907,     -1.558]],

           [[     1.553,     -0.625,      2.141,     -0.828],
            [    -1.773,      0.966,      0.966,     -0.657],
            [     0.367,      1.250,      0.935,      0.299],
            [     1.458,      0.482,     -0.329,     -0.097],
            [     0.526,      0.239,     -0.929,      0.400]]],


          [[[    -0.989,     -0.900,     -2.043,      0.849],
            [    -0.718,      2.105,      0.646,     -0.301],
            [    -0.988,      0.599,      2.040,      0.245],
            [    -1.494,      1.220,     -1.517,      0.805],
            [     0.697,      1.677,      1.369,     -1.028]],

           [[     1.355,      1.274,      1.619,      0.736],
            [    -0.929,      0.573,     -2.261,     -1.039],
            [    -0.141,     -0.614,      1.131,     -0.121],
            [    -0.495,      0.662,      1.152,     -0.428],
            [    -0.382,     -1.650,      0.923,      0.978]],

           [[     0.555,     -1.183,     -1.963,     -1.066],
            [     0.187,     -0.619,     -1.776,      1.509],
            [     0.306,     -0.186,      0.805,      2.535],
            [     0.165,      0.922,     -2.113,      1.496],
            [     1.023,     -1.804,     -0.322,      1.141]]],


          [[[    -0.521,      0.494,     -0.412,      0.049],
            [    -1.025,      0.295,     -0.900,      0.829],
            [     1.965,      1.214,      0.452,      0.001],
            [    -1.628,      2.436,     -2.274,     -0.556],
            [     0.222,     -2.214,     -0.252,      0.183]],

           [[    -0.512,     -0.209,     -0.561,      1.670],
            [     1.172,     -1.051,      0.590,     -0.303],
            [     0.708,      0.314,     -0.080,     -0.142],
            [     1.374,     -0.281,      0.272,      1.340],
            [    -0.870,     -1.473,     -1.122,      0.291]],

           [[     0.088,      0.111,     -0.505,     -1.134],
            [    -1.638,     -0.063,      0.168,      0.583],
            [    -0.314,      1.010,     -0.866,      0.570],
            [    -1.489,      1.810,     -0.127,     -0.083],
            [     1.943,     -0.641,      1.643,      0.928]]],


          [[[    -0.170,      1.083,     -0.007,      0.859],
            [    -1.504,     -0.196,      0.192,      1.318],
            [     0.646,      2.158,      0.643,     -0.483],
            [    -0.664,      0.155,     -0.739,      0.629],
            [    -0.057,      0.028,      0.482,     -0.315]],

           [[     2.477,     -0.149,      0.950,      0.136],
            [     0.892,      0.420,     -1.841,     -0.399],
            [    -0.059,      1.427,      1.675,      0.795],
            [    -1.287,      0.173,     -1.838,     -0.949],
            [     0.998,      1.333,     -1.711,     -0.108]],

           [[    -1.085,     -1.223,      0.707,      0.140],
            [    -0.607,      2.051,     -0.783,     -0.037],
            [    -0.328,      0.684,     -1.375,     -0.167],
            [     0.188,     -0.422,     -0.139,     -0.543],
            [    -0.206,      0.593,      0.099,      1.177]]],


          [[[     1.645,     -0.366,      0.602,     -0.564],
            [    -0.051,      0.260,     -0.889,     -1.179],
            [     1.686,      3.067,      0.662,     -1.004],
            [     1.406,     -0.327,     -0.385,     -0.361],
            [     0.348,      2.008,      1.339,      1.432]],

           [[     0.745,     -1.546,      0.488,     -0.750],
            [     0.848,      1.763,      1.305,     -0.362],
            [    -0.680,      1.510,      0.236,      0.064],
            [     1.838,     -0.015,     -0.299,      0.467],
            [    -0.454,      0.614,      0.626,     -1.379]],

           [[     1.104,     -1.156,     -1.106,     -0.783],
            [     0.225,      0.799,      0.138,     -0.716],
            [    -0.156,      0.437,     -1.202,     -1.370],
            [    -0.487,      1.347,      0.366,     -0.553],
            [     0.209,     -0.608,      0.742,     -0.344]]],


          [[[    -0.067,     -0.760,      1.242,      0.377],
            [     0.112,      1.641,      0.663,     -0.156],
            [    -1.065,     -0.188,     -1.822,      0.672],
            [     0.035,      2.076,      1.357,      1.027],
            [    -0.839,     -0.024,      2.064,     -0.072]],

           [[    -0.728,      0.683,      0.619,     -1.734],
            [    -0.079,     -1.173,      0.331,     -1.699],
            [    -0.089,      0.234,     -1.202,     -0.951],
            [     0.587,     -1.225,     -0.386,     -0.445],
            [     1.839,     -1.273,      0.922,      1.372]],

           [[    -1.384,     -0.421,      1.944,     -0.126],
            [     0.568,     -0.620,      0.569,      0.878],
            [     0.960,      0.473,      1.647,     -0.391],
            [     1.022,     -0.795,      0.603,      0.498],
            [     0.506,     -0.889,     -1.183,     -0.701]]],


          [[[     1.495,      0.485,      0.449,      1.492],
            [    -0.913,     -0.477,      0.394,     -0.304],
            [     0.118,      0.468,     -1.148,     -0.489],
            [     0.084,     -0.951,      0.070,      0.086],
            [    -0.481,     -1.053,      0.028,     -0.105]],

           [[     1.133,      1.149,     -0.670,      0.121],
            [    -0.461,      0.211,     -0.368,      0.337],
            [    -1.039,      0.313,      3.136,     -0.435],
            [     1.575,     -0.038,     -1.352,     -0.948],
            [     0.191,     -0.788,     -1.019,     -1.395]],

           [[    -0.527,      0.357,     -0.717,     -0.443],
            [     1.067,     -1.033,      0.600,      1.680],
            [    -1.337,      0.258,      1.399,      0.035],
            [     0.733,     -0.033,     -1.268,     -1.840],
            [     0.969,      0.077,     -1.195,     -1.884]]],


          [[[     2.268,     -0.779,     -1.060,      1.679],
            [    -0.727,      1.051,      0.568,     -1.636],
            [     0.037,     -0.543,      0.429,      0.159],
            [    -0.084,      1.294,      1.508,      0.341],
            [     1.149,     -0.933,      0.987,     -0.663]],

           [[     1.046,     -0.575,     -1.035,      1.018],
            [     0.125,      0.796,     -0.429,      0.248],
            [    -0.439,      0.368,      0.115,      1.235],
            [    -0.850,     -0.647,     -1.671,     -1.080],
            [    -0.465,      2.144,      0.882,     -0.004]],

           [[     0.329,     -0.092,      0.711,     -0.508],
            [    -0.009,      1.728,      0.228,      0.744],
            [    -2.167,     -2.088,     -0.131,     -0.347],
            [     0.275,     -1.407,     -0.339,      1.447],
            [    -0.291,     -0.578,     -2.351,     -1.342]]]],



         [[[[    -2.596,      1.261,      0.224,     -0.367],
            [     0.844,      1.263,      0.314,      1.324],
            [    -1.462,      0.186,      0.717,      1.089],
            [     0.311,     -0.292,      0.779,      0.126],
            [     0.727,     -2.472,      1.288,      0.813]],

           [[    -0.068,      0.193,     -1.240,     -0.613],
            [    -1.084,     -1.251,      0.957,      0.370],
            [    -1.158,      0.480,      0.158,      1.102],
            [     1.485,     -1.921,     -1.792,     -0.576],
            [    -1.488,     -0.103,      0.498,      0.366]],

           [[    -0.302,     -1.002,     -0.514,      0.611],
            [    -1.139,     -0.218,     -0.432,     -0.408],
            [    -0.347,     -0.139,     -0.731,     -1.004],
            [     0.435,      0.445,     -0.381,      2.197],
            [    -1.602,     -1.361,     -2.077,      1.204]]],


          [[[    -0.603,     -0.660,     -0.806,     -0.858],
            [    -0.420,     -1.521,     -1.332,     -0.331],
            [     0.089,      1.846,      2.139,     -0.032],
            [     0.890,      1.674,     -0.973,     -0.077],
            [     0.500,      0.798,     -1.086,     -1.563]],

           [[    -0.182,      0.462,      0.963,     -0.145],
            [     0.771,     -0.062,      0.055,      0.134],
            [    -2.121,     -0.029,     -0.131,     -1.104],
            [    -0.580,      0.601,      0.038,     -0.332],
            [     1.489,      0.872,     -0.725,      0.829]],

           [[    -2.480,     -1.339,     -0.305,      0.245],
            [     0.715,     -0.400,      0.414,      0.194],
            [     0.250,      0.152,      0.006,     -0.437],
            [    -2.176,     -0.331,      0.292,      1.154],
            [     0.390,     -0.217,     -0.250,      2.004]]],


          [[[     2.037,     -1.160,     -1.000,     -0.620],
            [    -0.157,      0.174,      0.638,     -0.135],
            [    -0.046,     -0.267,      0.362,      0.441],
            [    -0.978,      0.059,     -0.042,     -0.918],
            [     0.840,      1.691,      1.021,      0.127]],

           [[     0.394,     -0.520,      0.552,     -1.107],
            [    -0.869,     -1.305,      0.276,     -0.556],
            [    -1.603,      0.374,     -1.751,     -0.797],
            [    -1.031,      0.496,     -0.800,      2.062],
            [    -1.236,      0.409,     -1.746,     -0.387]],

           [[    -1.970,     -2.457,     -1.022,      0.018],
            [     0.157,      1.899,     -0.424,     -0.790],
            [    -0.514,     -0.657,     -0.343,      1.193],
            [    -1.009,     -1.140,      0.301,     -2.084],
            [    -0.099,     -0.259,     -1.626,      0.884]]],


          [[[    -0.052,     -0.332,     -1.850,      0.606],
            [     1.046,     -0.327,     -0.062,      1.301],
            [     0.346,      1.293,     -0.406,     -0.305],
            [     1.938,     -1.782,     -0.751,      1.613],
            [    -0.463,     -0.953,      0.910,     -0.290]],

           [[    -0.831,      1.584,      0.359,     -0.842],
            [     1.632,     -1.446,     -2.152,      0.644],
            [    -0.862,     -0.615,      1.314,     -1.413],
            [     1.718,     -1.089,     -0.794,      0.455],
            [    -1.202,     -0.183,      0.715,      0.072]],

           [[     2.014,      0.081,      0.090,     -1.619],
            [     0.651,     -0.679,      0.746,     -0.858],
            [     0.056,      0.640,     -0.012,      0.308],
            [    -0.897,      1.451,      0.639,     -1.098],
            [    -1.392,      0.234,     -0.305,     -0.822]]],


          [[[    -1.376,      0.988,     -0.645,     -1.451],
            [    -0.891,      0.649,     -1.435,     -2.331],
            [    -1.939,      0.086,      0.337,      0.302],
            [    -1.202,     -0.409,     -0.122,     -0.433],
            [     1.359,      1.373,     -0.699,      0.232]],

           [[     0.792,      0.137,     -1.672,     -1.009],
            [    -0.863,     -0.672,      1.468,      0.520],
            [    -1.456,      0.986,     -0.640,      2.227],
            [    -0.926,      0.523,      1.321,      0.472],
            [     1.211,     -0.870,      0.207,      2.178]],

           [[     0.070,      0.443,     -0.122,     -0.675],
            [     2.761,     -0.877,      0.480,      0.585],
            [    -0.249,     -3.616,     -1.240,      1.641],
            [    -0.274,     -0.613,     -1.024,     -0.764],
            [     1.353,     -0.581,      0.258,      0.252]]],


          [[[     1.407,     -0.391,     -0.037,      0.053],
            [    -0.381,     -1.862,     -0.054,      3.061],
            [    -1.030,      0.172,     -1.031,     -0.034],
            [     1.253,     -1.922,      1.203,     -0.399],
            [     0.606,     -2.647,     -0.600,      0.102]],

           [[     0.326,     -0.569,     -0.359,     -1.936],
            [     1.011,     -1.155,      0.994,     -0.914],
            [     0.292,     -2.117,     -1.848,      0.078],
            [     0.463,      0.306,     -0.068,      0.028],
            [     0.675,      0.195,      0.054,     -1.337]],

           [[    -0.694,     -1.258,      2.066,      0.505],
            [    -1.582,     -0.707,      1.621,      1.375],
            [    -0.433,      1.453,      0.840,     -0.410],
            [    -0.552,      0.520,      0.363,      0.565],
            [    -1.337,     -1.424,      1.558,     -0.918]]],


          [[[    -0.786,     -1.616,      0.978,      0.429],
            [    -0.674,     -0.620,      1.196,      0.290],
            [    -0.255,      0.478,     -0.327,      0.079],
            [     0.381,      0.275,     -1.224,     -1.248],
            [     0.256,     -1.084,      0.130,      1.464]],

           [[    -0.600,     -1.225,      0.816,      1.363],
            [     1.581,     -0.747,     -1.129,     -0.686],
            [    -0.039,     -1.527,     -0.691,      0.175],
            [     1.445,     -0.758,     -1.027,     -0.743],
            [     0.874,      0.725,     -0.277,      0.018]],

           [[    -0.456,     -0.831,     -0.402,      0.158],
            [    -0.814,     -0.634,      0.076,      0.105],
            [     1.088,     -0.588,      0.376,     -0.185],
            [    -0.364,     -2.273,      0.853,     -1.368],
            [     0.190,     -0.835,      1.131,      0.019]]],


          [[[     0.623,      0.335,     -0.124,      0.051],
            [    -1.425,      0.185,      0.636,      1.019],
            [    -0.435,      0.984,     -1.394,      0.677],
            [    -0.515,      0.749,     -0.572,      0.035],
            [    -1.476,      0.891,     -0.094,      1.073]],

           [[     0.632,     -1.604,      0.479,      1.444],
            [     0.143,     -1.367,     -0.331,      1.290],
            [     0.791,      0.300,      0.085,     -1.404],
            [    -0.564,     -1.208,      0.383,     -1.369],
            [    -1.408,      0.422,      0.846,     -0.249]],

           [[     1.209,     -0.654,      2.125,     -1.431],
            [    -1.388,     -0.235,      1.021,      0.771],
            [     3.252,      0.536,     -0.839,      1.412],
            [     2.019,      1.174,     -0.685,     -0.498],
            [    -1.678,      1.005,     -1.619,      0.115]]]]]],
       dtype=torch.float64)

input projection weight.shape: torch.Size([4, 4])
weight:
 tensor([[1., 0., 0., 0.],
        [0., 1., 0., 0.],
        [0., 0., 1., 0.],
        [0., 0., 0., 1.]], dtype=torch.float64)
bias.shape: torch.Size([4])
bias:
 tensor([0., 0., 0., 0.], dtype=torch.float64)

output projection weight.shape: torch.Size([4, 4])
weight:
 tensor([[1., 0., 0., 0.],
        [0., 1., 0., 0.],
        [0., 0., 1., 0.],
        [0., 0., 0., 1.]], dtype=torch.float64)
bias.shape: torch.Size([4])
bias:
 tensor([0., 0., 0., 0.], dtype=torch.float64)

masks.shape: torch.Size([2, 3, 5, 2])
masks:
 tensor([[[[0., 1.],
          [0., 1.],
          [1., 0.],
          [0., 1.],
          [1., 1.]],

         [[1., 1.],
          [1., 0.],
          [0., 0.],
          [0., 1.],
          [0., 0.]],

         [[1., 0.],
          [1., 1.],
          [1., 1.],
          [1., 0.],
          [0., 0.]]],


        [[[1., 0.],
          [0., 0.],
          [0., 1.],
          [0., 1.],
          [1., 0.]],

         [[1., 1.],
          [1., 1.],
          [1., 1.],
          [1., 0.],
          [0., 1.]],

         [[1., 0.],
          [0., 0.],
          [0., 1.],
          [1., 0.],
          [0., 0.]]]], dtype=torch.float64)

output.shape: torch.Size([2, 3, 8, 3, 5, 4])
output:
 tensor([[[[[[     0.017,      0.987,     -1.883,     -1.247],
            [    -0.506,     -2.558,     -0.346,     -1.712],
            [     0.656,      0.192,     -1.467,     -0.692],
            [    -0.146,     -1.171,      0.190,      1.409],
            [     1.607,      0.118,     -1.440,     -1.693]],

           [[    -1.152,     -0.612,     -1.195,     -1.229],
            [     0.668,     -0.129,      1.124,     -0.006],
            [    -0.801,     -0.884,     -0.038,      1.283],
            [    -0.041,     -1.171,     -0.703,     -1.073],
            [     2.384,     -1.196,      0.140,     -1.004]],

           [[    -1.567,     -0.835,      1.008,      1.845],
            [     2.421,     -0.885,     -1.145,     -1.523],
            [     0.313,      0.679,      0.242,     -0.000],
            [    -0.228,      1.070,      0.235,      1.485],
            [    -0.620,     -1.374,      0.605,     -0.675]]],


          [[[    -0.952,      1.385,     -0.238,      2.734],
            [    -1.006,      0.043,     -0.916,      0.574],
            [     0.379,      0.405,     -0.841,      0.279],
            [    -0.059,      0.307,      0.220,     -0.721],
            [     0.605,     -0.415,      2.385,      3.674]],

           [[    -1.158,      0.875,     -0.132,      2.585],
            [    -1.187,     -0.238,     -0.293,      0.789],
            [    -0.464,     -0.709,      1.165,      0.316],
            [     0.259,     -0.841,      0.279,     -0.342],
            [     1.498,      0.001,     -0.468,      0.483]],

           [[     0.555,     -1.287,     -0.813,     -0.213],
            [    -0.532,     -0.132,      2.704,      1.690],
            [     2.084,     -0.293,     -1.150,     -1.467],
            [    -1.551,      0.660,      0.981,      1.206],
            [    -0.650,      1.217,     -0.925,     -1.647]]],


          [[[     0.374,      0.363,     -0.422,     -0.110],
            [     0.423,     -0.387,      1.158,     -0.025],
            [     1.182,     -1.047,      0.313,      1.000],
            [     1.783,     -0.110,      0.726,      0.479],
            [     1.015,      0.738,      1.150,     -2.415]],

           [[    -1.233,      0.372,     -1.283,     -2.000],
            [    -1.954,     -0.906,     -0.875,      0.634],
            [     1.270,     -0.507,     -0.402,     -1.396],
            [    -1.087,      0.886,     -0.759,      0.527],
            [    -1.287,     -0.283,     -0.170,     -1.165]],

           [[     1.492,     -0.813,     -2.638,     -0.767],
            [     0.310,     -1.239,      0.281,     -1.569],
            [    -1.088,      0.810,      0.897,     -1.473],
            [     0.681,     -0.135,      0.415,      0.228],
            [     0.827,      1.596,      0.805,      0.401]]],


          [[[    -0.442,      1.536,     -1.110,      0.995],
            [    -0.972,      2.524,     -0.702,     -0.204],
            [    -0.458,      0.014,      0.764,      0.657],
            [     0.314,      0.308,      1.288,      0.586],
            [    -0.232,      2.189,     -1.280,      1.775]],

           [[    -0.371,     -1.004,      2.524,     -1.549],
            [    -3.200,      3.580,      0.014,      0.052],
            [     0.704,      0.082,     -0.363,     -0.957],
            [     0.575,     -1.051,      2.189,      1.460],
            [    -0.855,      0.033,      1.192,     -0.010]],

           [[    -1.984,     -1.955,      3.580,      0.111],
            [    -0.135,      0.251,      0.247,      0.684],
            [     0.094,     -2.036,     -1.051,     -0.377],
            [    -0.943,      0.300,      0.625,     -0.280],
            [     0.836,      1.548,      0.080,      0.286]]],


          [[[     1.043,      0.346,     -0.034,      0.581],
            [    -1.113,      2.239,     -0.377,      0.562],
            [     1.686,     -0.116,     -0.143,     -0.374],
            [    -0.036,      2.571,      0.006,     -1.120],
            [     1.072,      1.232,     -0.154,      0.341]],

           [[    -0.749,      0.482,      0.151,      1.555],
            [    -2.354,     -0.128,      1.809,      0.212],
            [    -1.546,     -2.444,      1.921,     -0.917],
            [     3.260,      0.309,     -1.248,      0.017],
            [     1.804,      0.270,      1.039,      0.118]],

           [[    -1.358,     -1.430,      1.383,     -1.028],
            [    -1.642,      2.037,     -1.017,      1.444],
            [    -0.596,     -1.892,     -1.508,      0.644],
            [     1.819,     -1.047,      1.945,      0.446],
            [    -0.480,      0.401,      0.082,      2.015]]],


          [[[    -0.809,      0.425,     -0.010,      0.594],
            [    -1.298,     -0.631,     -0.141,     -1.053],
            [     1.001,     -1.495,     -0.049,     -1.314],
            [    -2.037,     -0.643,     -0.854,     -0.440],
            [     0.850,      1.058,      0.016,      0.862]],

           [[    -1.448,      1.348,      0.308,     -0.608],
            [    -1.166,      0.002,      0.425,      1.059],
            [    -1.433,      0.275,     -0.992,     -0.621],
            [     0.160,      0.396,     -1.495,     -1.881],
            [    -1.175,      0.775,     -0.769,     -0.352]],

           [[    -0.958,      0.021,      0.636,      0.536],
            [    -0.959,      0.025,      1.348,     -1.055],
            [     0.614,     -0.032,      0.002,      1.736],
            [    -0.978,     -1.260,     -0.112,      0.317],
            [     0.678,      0.404,      0.513,     -0.960]]],


          [[[    -0.053,      1.347,     -1.472,     -0.355],
            [    -0.179,      0.400,      1.109,     -2.560],
            [     3.398,     -0.657,      0.370,     -0.450],
            [     0.811,      3.527,     -1.555,      0.347],
            [    -2.243,     -0.380,      5.654,     -3.129]],

           [[     0.818,     -0.110,      0.326,      0.788],
            [     0.164,     -1.415,     -1.066,      0.386],
            [    -0.546,     -0.170,      1.531,     -2.661],
            [     1.683,     -0.049,      1.444,     -0.658],
            [    -0.900,     -0.958,      3.129,      3.958]],

           [[    -0.164,      3.035,      0.807,      0.325],
            [     1.157,      1.163,      1.042,     -1.149],
            [     1.098,      1.793,      1.825,      0.785],
            [    -0.362,      0.748,      1.408,      1.756],
            [     1.458,      0.001,      0.456,     -0.187]]],


          [[[     0.169,     -1.233,      0.368,      0.613],
            [    -0.530,      0.392,      2.215,      0.205],
            [     0.839,     -1.691,     -0.423,     -1.277],
            [    -0.503,     -0.126,     -0.278,     -0.262],
            [    -1.143,      0.748,     -1.496,     -1.578]],

           [[    -2.522,      2.215,      0.159,     -0.136],
            [     0.067,     -0.423,      1.762,      0.140],
            [     0.189,      0.076,     -0.685,      0.406],
            [    -1.651,     -1.496,     -0.584,     -2.206],
            [    -1.693,      1.061,     -1.164,     -0.916]],

           [[    -0.297,      1.762,     -0.920,      0.103],
            [    -2.106,     -0.505,      1.421,     -0.379],
            [    -1.636,     -0.584,      0.116,     -1.110],
            [     1.012,      1.094,     -1.540,     -0.917],
            [    -0.838,      0.732,      1.997,     -1.360]]]],



         [[[[    -0.564,      0.844,      0.548,      0.847],
            [    -0.864,     -0.011,     -1.666,     -2.214],
            [    -0.623,     -0.665,      1.302,      0.308],
            [    -1.186,     -0.596,     -0.371,      1.633],
            [    -1.052,      0.037,      0.191,     -0.452]],

           [[    -0.242,      0.685,      1.645,     -0.264],
            [    -2.241,      0.010,     -2.645,     -1.729],
            [    -1.259,      0.377,      0.145,      0.753],
            [    -2.454,      1.402,      2.804,      1.281],
            [    -1.652,     -1.092,     -1.073,     -0.472]],

           [[     0.652,      1.014,     -1.136,      1.259],
            [    -2.073,     -1.594,     -0.078,      0.423],
            [     1.879,      0.713,      0.456,     -1.635],
            [     0.392,      0.080,      1.594,      2.039],
            [     1.236,      0.726,     -0.994,      0.406]]],


          [[[     0.493,     -0.692,     -0.088,     -0.727],
            [    -0.137,      1.075,      0.523,     -1.107],
            [     0.714,      1.055,     -1.010,      0.277],
            [    -0.010,     -1.463,      0.434,      0.496],
            [     0.254,      0.158,      1.216,      0.335]],

           [[     0.434,     -0.156,      2.384,     -0.371],
            [     0.235,     -0.088,     -1.517,      0.213],
            [    -2.001,      2.584,     -1.378,     -1.528],
            [     0.160,     -1.010,     -0.857,     -0.247],
            [     1.140,     -0.267,     -0.852,     -0.453]],

           [[    -0.315,      0.185,      0.914,      0.779],
            [    -0.545,      2.384,      0.727,     -0.606],
            [    -0.186,     -1.517,      0.009,      0.965],
            [    -0.110,     -1.780,     -1.098,     -1.994],
            [     1.262,     -1.645,     -0.286,      1.058]]],


          [[[    -1.285,     -0.859,      0.428,     -0.026],
            [    -1.613,      0.217,      3.759,      0.131],
            [     2.848,      1.464,     -1.342,      1.724],
            [     1.466,      0.335,     -1.961,      0.391],
            [    -4.125,      1.969,      0.797,      0.238]],

           [[     1.408,      0.697,     -0.997,     -0.456],
            [     1.269,     -2.854,     -0.877,     -0.459],
            [     0.082,     -1.046,     -1.181,      1.639],
            [    -0.975,     -1.357,      0.538,     -0.246],
            [    -2.255,      1.083,      0.085,     -0.212]],

           [[    -0.861,     -0.217,     -2.248,      2.223],
            [    -2.713,     -1.177,      0.340,      0.161],
            [    -2.421,      0.958,      0.101,     -2.601],
            [    -0.777,      0.119,     -0.840,     -0.361],
            [     0.394,     -0.746,     -0.625,      0.593]]],


          [[[     1.663,      0.407,     -1.183,      0.792],
            [     1.602,     -0.036,     -1.141,     -0.205],
            [    -0.370,     -0.178,      2.006,     -1.053],
            [     1.547,      1.377,      0.089,     -0.762],
            [     0.061,      1.833,      0.441,      1.196]],

           [[     1.124,     -0.391,     -0.036,     -3.068],
            [    -0.765,     -0.944,     -0.178,      0.607],
            [    -1.218,     -1.769,     -1.159,      0.277],
            [    -0.388,      1.221,      1.833,      1.060],
            [     0.232,     -0.906,      0.823,     -0.798]],

           [[    -0.615,     -1.292,     -0.944,      1.740],
            [    -0.916,     -0.850,     -0.706,     -0.624],
            [    -0.702,      1.344,      1.221,      0.459],
            [    -0.676,      0.330,     -0.858,     -0.951],
            [    -1.517,      0.488,      0.550,     -0.635]]],


          [[[     4.031,     -0.964,      1.071,      0.144],
            [    -1.129,     -0.854,      0.459,      0.631],
            [     0.308,      0.004,     -0.966,     -0.825],
            [     0.666,      1.248,     -0.170,      0.633],
            [     0.671,     -0.199,      1.018,      1.454]],

           [[     2.926,     -0.956,      1.206,      1.192],
            [    -0.591,      0.640,     -0.455,      0.589],
            [    -1.886,     -0.376,      1.244,     -0.667],
            [    -2.007,      1.287,      0.615,     -1.347],
            [     2.272,      1.662,      0.570,     -0.064]],

           [[     0.018,      0.981,      3.294,      0.138],
            [     0.147,     -2.757,      0.419,      1.056],
            [    -1.488,      1.967,     -0.375,      0.346],
            [    -2.216,      0.334,      1.100,     -1.664],
            [     0.272,      0.136,      0.171,      1.488]]],


          [[[     0.492,     -1.485,      1.006,     -2.902],
            [    -0.057,     -1.141,      1.006,      0.861],
            [     0.347,      0.043,     -0.717,      1.329],
            [     1.198,     -0.648,      1.698,     -0.819],
            [     1.318,     -0.362,     -0.527,     -1.166]],

           [[    -1.233,      2.327,     -0.532,      1.428],
            [     0.821,      2.066,     -1.485,     -2.333],
            [     3.371,      1.885,     -0.724,     -0.729],
            [     0.935,      0.812,      0.043,      1.399],
            [    -0.222,      1.305,     -0.421,     -0.140]],

           [[     0.278,     -0.683,      0.432,      0.160],
            [    -0.932,     -0.410,      2.327,     -0.291],
            [     1.142,      0.773,      2.066,     -1.117],
            [     1.435,      1.091,      1.413,     -1.005],
            [    -0.590,     -0.485,      1.090,     -1.552]]],


          [[[     3.487,      2.400,     -0.704,      1.087],
            [     1.829,     -1.039,      2.991,     -1.584],
            [     0.788,      0.903,      0.663,      1.406],
            [    -0.561,     -0.342,      1.766,      0.317],
            [    -0.386,     -0.194,     -0.384,      1.272]],

           [[     2.539,      3.271,      0.092,     -0.395],
            [     2.375,      0.588,      0.172,     -0.095],
            [    -1.112,      0.288,      2.273,     -1.059],
            [    -0.960,     -0.568,      0.954,      1.127],
            [     0.901,      2.079,      0.218,      1.969]],

           [[     3.276,     -3.726,      0.046,      1.011],
            [     1.289,      1.717,     -0.853,      1.387],
            [    -1.360,      1.028,      1.417,     -3.344],
            [    -1.625,      0.315,      1.596,      0.154],
            [    -0.212,      1.147,     -1.509,      0.877]]],


          [[[     2.271,      0.788,     -0.306,     -0.007],
            [    -0.097,     -0.366,     -1.071,     -0.639],
            [    -1.344,     -1.045,     -0.785,      0.033],
            [    -0.967,     -0.550,      0.809,      0.611],
            [    -0.787,      0.927,     -2.955,      0.212]],

           [[    -0.360,     -1.071,      0.170,      0.466],
            [    -1.889,     -0.785,      2.678,     -1.099],
            [    -0.571,      0.312,     -0.881,     -1.254],
            [    -2.589,     -2.955,     -0.886,      0.450],
            [     0.287,     -1.085,      1.238,     -2.843]],

           [[    -0.392,      2.678,     -1.382,     -0.297],
            [     0.094,     -0.367,     -0.355,      0.411],
            [    -1.455,     -0.886,     -1.378,      0.503],
            [    -0.762,      0.914,      0.310,     -1.339],
            [    -0.491,      1.119,      0.025,      0.195]]]],



         [[[[     1.371,      0.930,      0.220,     -0.090],
            [    -0.092,      1.472,     -3.691,      1.214],
            [    -0.423,      0.508,     -0.817,      0.613],
            [    -0.331,      0.204,     -3.336,      0.182],
            [     0.345,     -0.874,      0.553,      0.351]],

           [[     0.405,      2.139,      1.535,     -1.090],
            [    -1.843,     -2.572,      0.565,     -1.462],
            [     1.116,     -2.407,     -2.287,      2.033],
            [    -1.539,     -3.104,      1.517,     -0.959],
            [     0.266,      0.569,      1.891,      1.947]],

           [[     0.768,      0.261,     -0.295,     -0.107],
            [    -1.913,     -0.516,     -0.923,      0.700],
            [    -1.376,     -0.051,      0.867,     -0.715],
            [    -1.015,      2.159,     -0.057,     -1.088],
            [    -1.185,     -1.021,      1.140,      1.528]]],


          [[[    -0.156,     -0.818,     -0.283,      0.873],
            [    -1.294,      0.199,      0.011,     -0.602],
            [    -0.385,     -0.502,     -0.670,      0.403],
            [     0.462,     -1.215,     -0.929,     -0.987],
            [     1.034,      1.697,      1.624,      0.302]],

           [[    -1.538,      1.039,      4.094,     -2.459],
            [     0.075,     -0.283,      0.646,     -0.108],
            [    -2.030,     -1.352,      0.916,     -0.899],
            [     1.072,     -0.670,      0.042,      0.746],
            [     0.372,     -1.147,      1.168,     -1.038]],

           [[    -1.464,      0.355,      1.741,     -1.009],
            [    -1.067,      4.094,      0.262,     -1.335],
            [    -0.955,      0.646,      0.883,     -1.079],
            [    -1.080,      0.196,     -0.997,     -1.198],
            [    -0.301,     -0.685,     -0.338,     -0.511]]],


          [[[     0.400,     -0.351,     -0.053,     -1.392],
            [     1.012,     -0.327,     -0.866,      1.411],
            [     0.419,     -0.269,     -0.769,      1.653],
            [    -0.760,     -0.648,      0.900,      1.173],
            [    -0.265,      0.837,     -0.122,      1.301]],

           [[    -0.772,     -0.170,     -0.492,     -0.443],
            [    -0.273,     -1.243,     -0.584,     -0.131],
            [    -0.638,     -0.097,     -2.179,      0.484],
            [    -1.135,      0.662,     -0.392,     -1.367],
            [    -2.233,      1.128,      0.046,     -0.314]],

           [[     0.336,      1.419,     -2.597,      0.103],
            [    -0.935,     -3.213,     -1.589,     -1.145],
            [    -2.112,      0.259,     -0.752,      1.152],
            [     0.058,     -0.912,     -0.250,      0.261],
            [     0.869,      0.232,     -1.979,      0.484]]],


          [[[     0.301,      0.092,      1.009,      0.608],
            [    -0.521,     -0.169,     -1.514,     -0.123],
            [    -2.920,     -1.335,     -0.925,     -1.896],
            [     0.719,     -0.569,      0.918,      0.707],
            [     1.632,     -0.378,      2.125,     -1.029]],

           [[     0.318,     -0.705,     -0.169,      0.618],
            [    -1.163,     -1.468,     -1.335,     -0.842],
            [    -1.248,      0.754,     -0.004,      0.295],
            [     1.517,      0.518,     -0.378,      0.395],
            [     3.071,      0.493,     -0.716,      0.618]],

           [[    -0.432,     -0.509,     -1.468,      3.199],
            [    -0.299,     -1.670,     -0.878,     -0.080],
            [    -0.097,      0.185,      0.518,      3.355],
            [     1.483,     -1.483,      0.249,     -0.183],
            [    -0.998,     -0.508,      1.257,      0.072]]],


          [[[     0.357,     -2.102,      0.545,     -1.575],
            [     0.642,      0.836,      0.051,     -0.957],
            [     0.766,      0.201,      0.579,      0.776],
            [    -0.948,     -0.477,      0.395,     -2.125],
            [    -1.454,      0.277,      1.130,     -0.956]],

           [[    -1.975,      1.484,     -1.243,      1.830],
            [     0.804,     -2.194,     -1.361,     -0.841],
            [    -0.953,      0.214,      1.292,      1.704],
            [     1.735,     -0.580,     -2.625,      0.359],
            [    -0.108,     -0.596,     -0.784,      0.674]],

           [[    -1.286,      0.503,      0.812,     -2.503],
            [    -0.315,      0.329,      0.097,     -4.226],
            [    -1.767,      0.412,     -1.281,     -1.209],
            [     2.183,     -0.587,     -0.480,     -1.426],
            [     0.159,      0.930,     -0.415,     -1.340]]],


          [[[     0.896,      2.373,     -0.271,     -0.225],
            [    -0.517,      0.420,     -1.300,     -0.420],
            [    -0.394,      0.924,      0.639,      0.892],
            [     1.145,     -0.714,     -0.698,     -0.300],
            [     0.585,      0.190,      0.107,     -2.753]],

           [[     0.536,     -0.045,      0.427,     -2.072],
            [    -0.638,      0.578,      2.373,     -0.792],
            [    -0.985,      0.099,     -0.500,     -0.003],
            [    -0.472,     -0.594,      0.924,     -0.461],
            [     0.202,      1.420,     -2.304,     -1.255]],

           [[    -0.118,      0.297,     -0.193,     -0.840],
            [    -0.480,     -0.206,     -0.045,     -3.813],
            [    -1.318,     -0.421,      0.578,     -0.919],
            [    -1.093,      0.510,     -0.007,      1.939],
            [     0.447,     -1.847,     -1.604,     -2.840]]],


          [[[    -0.368,     -2.441,      0.785,     -0.244],
            [     1.779,      0.372,     -1.139,      0.931],
            [     0.325,     -0.973,      0.923,      0.891],
            [    -1.216,      0.941,     -0.186,      0.486],
            [    -0.441,      0.109,     -1.260,     -1.655]],

           [[     1.762,     -0.473,     -0.592,      1.593],
            [     0.585,      2.277,      0.407,     -0.003],
            [     2.651,     -3.159,      0.318,     -0.810],
            [     1.321,      1.474,     -0.654,     -1.121],
            [     1.538,      0.007,      1.734,     -1.367]],

           [[    -0.880,      0.361,     -1.901,     -0.012],
            [     1.536,     -0.607,     -0.171,     -1.801],
            [     1.892,     -0.251,     -0.055,     -0.365],
            [     0.228,      0.575,      1.549,     -0.031],
            [     1.398,     -1.431,      0.072,     -0.766]]],


          [[[     0.028,     -0.946,     -0.568,      1.931],
            [     0.354,      1.488,     -0.795,      2.430],
            [     1.944,      0.414,      1.572,     -0.955],
            [    -0.448,      2.260,     -0.878,      0.016],
            [     1.305,     -1.001,     -3.627,     -1.222]],

           [[     0.616,     -0.795,     -0.900,      0.094],
            [     2.508,      1.572,     -0.016,     -0.643],
            [    -0.974,     -0.221,      0.106,      1.289],
            [     0.563,     -3.627,     -1.790,     -1.613],
            [    -0.870,     -0.735,     -0.537,      0.362]],

           [[     0.826,     -0.016,      1.192,     -0.049],
            [    -1.115,     -0.493,     -0.671,      1.123],
            [    -1.943,     -1.790,      0.982,     -1.312],
            [    -1.355,     -0.020,     -0.480,      1.252],
            [    -0.039,     -0.459,      1.013,     -1.804]]]]],




        [[[[[     1.142,     -0.015,      1.810,      3.178],
            [    -0.252,      0.207,     -1.137,     -0.758],
            [    -0.871,     -0.318,     -0.286,     -1.405],
            [    -0.884,     -0.612,     -0.498,     -1.290],
            [    -0.112,     -0.442,      0.221,      0.050]],

           [[     2.380,      0.753,      1.686,     -0.565],
            [    -0.495,      0.799,     -1.661,     -0.397],
            [    -0.129,     -3.748,     -1.281,     -1.536],
            [    -2.040,      1.454,     -3.847,     -2.352],
            [     0.246,     -0.637,     -0.226,      0.282]],

           [[     0.933,      1.630,     -0.602,     -0.831],
            [    -1.049,      0.305,     -0.345,     -0.088],
            [     0.064,     -0.874,     -1.523,     -0.977],
            [    -2.819,     -1.999,     -1.661,     -0.889],
            [    -0.551,      0.500,     -1.005,     -1.501]]],


          [[[    -1.068,      0.647,     -0.266,      1.177],
            [    -0.983,      1.922,      1.809,     -0.963],
            [     0.100,     -1.500,      0.993,     -1.541],
            [    -1.772,      0.136,      1.158,      1.789],
            [     1.421,     -0.923,     -0.432,      1.018]],

           [[     0.031,      1.728,      2.363,      0.610],
            [    -1.657,     -0.266,      0.003,     -1.020],
            [    -0.119,      0.409,     -2.888,     -0.966],
            [    -0.284,      0.993,      0.491,     -0.373],
            [    -2.046,      1.158,      0.508,      1.869]],

           [[    -0.214,      0.133,      0.162,      0.205],
            [     0.396,      3.363,      1.064,     -1.861],
            [     0.630,      0.003,      0.449,     -0.872],
            [    -0.136,     -2.888,     -0.591,     -0.341],
            [    -0.130,     -1.440,     -0.099,      0.638]]],


          [[[    -1.067,     -0.506,     -0.524,      1.900],
            [    -1.845,     -1.165,      3.366,      1.345],
            [     3.447,      0.818,     -0.004,      1.129],
            [     2.903,     -0.025,      2.391,     -0.553],
            [     0.311,      1.752,      0.265,      0.926]],

           [[    -0.838,     -0.797,     -1.623,      0.474],
            [    -1.411,      0.611,     -0.142,      0.851],
            [    -0.205,     -0.810,      1.693,      0.070],
            [     1.696,      1.690,      0.670,     -0.116],
            [     2.638,     -2.031,      1.275,     -0.003]],

           [[    -1.234,      1.224,      0.993,     -0.701],
            [    -0.457,      2.311,      1.962,     -1.451],
            [     0.721,      0.817,     -0.735,     -1.021],
            [     1.120,     -1.920,     -0.949,     -0.263],
            [    -0.386,      0.913,      0.544,     -0.445]]],


          [[[     1.278,      0.812,      0.234,     -0.598],
            [     1.192,     -0.739,     -0.098,     -0.974],
            [     2.784,     -2.299,      0.697,      1.425],
            [    -2.564,     -2.186,     -0.607,     -0.130],
            [    -0.027,      2.209,      0.936,      0.566]],

           [[     0.643,     -0.239,     -0.029,     -1.437],
            [     3.424,      0.570,     -2.299,      2.397],
            [    -1.530,     -1.235,     -2.186,     -0.593],
            [     0.615,     -0.400,      2.209,      1.993],
            [     2.529,      1.131,      0.429,      0.379]],

           [[     1.066,      1.448,      0.570,      1.652],
            [     1.707,     -2.135,     -1.253,      2.944],
            [     1.093,      0.641,     -0.400,      2.632],
            [     2.459,     -0.012,      1.131,      0.308],
            [     0.699,      1.061,     -0.553,     -0.181]]],


          [[[     1.955,      2.672,      0.849,      1.750],
            [     4.201,     -1.126,     -0.848,     -1.561],
            [    -0.207,     -0.714,      0.578,      0.330],
            [    -2.509,     -1.140,     -0.652,      0.334],
            [    -0.663,     -1.079,      0.307,     -0.292]],

           [[    -0.628,     -0.522,      3.792,      0.705],
            [     2.064,     -0.386,     -0.550,      0.659],
            [     1.822,     -0.147,     -1.345,      1.273],
            [    -2.153,      1.218,     -0.399,     -0.367],
            [    -0.437,      1.994,     -1.312,     -0.534]],

           [[    -1.118,      0.280,      0.019,      2.201],
            [    -0.467,      0.610,      0.252,     -1.915],
            [     1.850,      0.957,     -0.013,     -0.548],
            [    -0.516,      1.098,     -2.198,      0.595],
            [    -1.648,     -1.772,     -1.814,     -0.520]]],


          [[[     0.735,      0.086,     -2.519,      2.141],
            [     0.972,     -0.877,      0.395,      0.112],
            [     0.553,     -1.272,      1.043,     -1.370],
            [    -0.451,      0.634,      0.935,      0.730],
            [    -1.682,     -0.015,      0.620,     -2.812]],

           [[    -0.501,      0.437,     -0.727,     -1.572],
            [    -0.130,      0.571,      0.086,      2.650],
            [     1.754,      1.144,     -1.347,     -0.794],
            [     1.148,      0.880,     -1.272,     -0.418],
            [    -0.367,     -0.692,      0.634,      2.097]],

           [[     0.830,      0.586,     -0.284,      1.299],
            [     0.237,     -0.490,      0.536,     -1.239],
            [     0.728,      0.074,      0.571,      1.813],
            [     0.544,     -0.294,      1.144,     -0.584],
            [     1.655,     -0.810,      1.694,      1.017]]],


          [[[    -1.624,      0.500,     -0.289,      1.917],
            [     0.640,      1.099,     -3.694,     -0.379],
            [     1.083,      1.100,      0.345,     -1.566],
            [    -0.075,     -0.252,      2.038,      0.632],
            [    -1.375,     -0.247,      0.179,      1.015]],

           [[    -1.292,      1.060,     -1.508,     -2.654],
            [    -1.162,     -1.296,      1.608,     -2.261],
            [     2.786,     -0.958,     -3.346,     -0.797],
            [     1.473,      0.368,     -0.671,     -1.875],
            [    -0.596,     -1.300,      2.729,     -1.533]],

           [[     0.996,      0.414,      1.609,     -0.947],
            [     0.676,      0.754,      1.219,      3.491],
            [    -0.847,      1.546,     -0.898,     -0.227],
            [    -1.216,      0.144,      0.354,     -1.886],
            [     0.474,     -0.542,      1.050,      1.095]]],


          [[[     1.322,     -0.216,      0.781,      0.340],
            [     0.539,     -1.424,      1.264,      0.227],
            [    -0.819,      0.590,     -1.131,      0.541],
            [    -0.488,     -1.293,      0.348,     -0.676],
            [     0.356,      0.672,      1.555,      0.309]],

           [[     0.421,      1.207,     -0.755,      0.924],
            [    -0.815,     -1.131,     -1.430,     -0.498],
            [    -1.325,      0.348,     -0.917,     -0.441],
            [     1.113,      1.555,      2.646,      2.102],
            [    -0.950,      0.172,      1.176,      1.440]],

           [[     0.987,     -1.430,     -0.470,     -0.610],
            [    -0.742,     -0.903,     -0.404,     -1.756],
            [     0.937,      2.646,      1.941,      0.621],
            [    -2.091,      1.176,      0.637,      0.359],
            [     0.075,     -0.545,      0.872,      1.409]]]],



         [[[[     0.568,      0.452,     -1.692,     -2.208],
            [     0.418,      0.808,      1.127,     -2.503],
            [     1.169,      1.774,     -0.833,     -1.381],
            [    -0.768,     -0.532,     -1.665,     -0.560],
            [     0.070,     -0.629,      1.247,      1.118]],

           [[     0.324,     -2.858,      0.280,      2.292],
            [     0.640,      0.435,     -1.001,      0.609],
            [     0.569,     -0.864,     -0.228,      1.339],
            [    -1.870,     -0.840,      1.452,      0.329],
            [    -0.096,      1.406,     -0.907,     -1.558]],

           [[     1.309,     -1.898,      2.141,     -0.828],
            [    -1.133,     -0.035,      0.966,     -0.657],
            [    -0.233,      0.654,      0.935,      0.299],
            [     0.355,      0.476,     -0.329,     -0.097],
            [     0.361,     -0.668,     -0.929,      0.400]]],


          [[[    -0.989,     -0.900,     -1.471,     -0.190],
            [    -0.718,      2.105,      0.032,     -0.422],
            [    -0.988,      0.599,      2.702,     -0.183],
            [    -1.494,      1.220,     -3.167,      1.783],
            [     0.697,      1.677,      1.369,     -1.028]],

           [[     1.355,      1.274,      1.619,      0.736],
            [    -1.918,     -1.471,     -2.447,      1.496],
            [    -0.141,     -0.614,      2.052,      1.375],
            [    -1.483,      2.702,      1.152,     -0.428],
            [    -1.876,     -3.167,      0.923,      0.978]],

           [[     0.555,     -1.183,     -1.963,     -1.066],
            [     1.542,      1.000,     -1.776,      1.509],
            [    -0.623,     -2.447,      0.805,      2.535],
            [     0.024,      2.052,     -2.113,      1.496],
            [     0.528,     -0.652,     -0.322,      1.141]]],


          [[[    -0.521,      0.494,     -0.412,      0.049],
            [    -1.546,     -0.117,      1.065,      1.281],
            [     1.965,      1.214,     -1.177,     -2.273],
            [     0.337,      2.888,     -2.052,     -0.808],
            [    -1.407,     -4.488,     -0.252,      0.183]],

           [[    -0.512,     -0.209,      0.611,      2.260],
            [     0.660,     -1.612,      1.298,     -0.382],
            [     1.880,      0.904,      1.294,      0.130],
            [     2.082,     -0.361,     -0.598,      0.218],
            [     0.503,     -1.201,     -1.122,      0.291]],

           [[     0.088,      0.111,     -0.505,     -1.134],
            [    -1.550,     -0.568,     -0.147,     -0.283],
            [    -0.314,      1.010,     -2.355,      0.443],
            [    -1.803,      0.944,     -0.127,     -0.083],
            [     0.455,     -0.767,      1.643,      0.928]]],


          [[[    -0.170,      1.083,     -0.007,      0.859],
            [     0.973,      0.754,      0.192,      1.318],
            [     1.539,      0.318,      0.643,     -0.483],
            [    -0.723,      1.831,     -0.739,      0.629],
            [    -1.344,     -1.811,      0.482,     -0.315]],

           [[     2.477,     -0.149,      0.950,      0.136],
            [    -0.193,      1.127,      0.318,     -0.882],
            [    -0.059,      1.427,      1.831,      1.424],
            [    -1.615,     -1.202,     -1.811,     -1.264],
            [     1.186,      1.194,     -1.711,     -0.108]],

           [[    -1.085,     -1.223,      1.127,     -0.258],
            [    -0.607,      2.051,      0.644,      0.759],
            [    -0.328,      0.684,     -1.202,     -1.117],
            [     0.188,     -0.422,      1.194,     -0.652],
            [    -0.206,      0.593,      0.099,      1.177]]],


          [[[     2.389,      0.122,      0.602,     -0.564],
            [     0.797,      1.565,     -0.889,     -1.179],
            [     1.006,      3.303,      0.662,     -1.004],
            [     3.244,     -0.626,     -0.385,     -0.361],
            [    -0.106,      2.634,      1.339,      1.432]],

           [[     1.849,     -2.652,      2.133,     -0.148],
            [     0.848,      1.763,      1.305,     -0.362],
            [    -0.835,      0.308,      1.922,      0.725],
            [     1.351,      0.351,      1.107,      0.082],
            [    -0.454,      0.614,      0.974,     -0.039]],

           [[     1.104,     -1.156,     -0.362,     -0.295],
            [     0.225,      0.799,      0.985,      0.589],
            [    -0.156,      0.437,     -1.882,     -1.134],
            [    -0.487,      1.347,      2.204,     -0.853],
            [     0.209,     -0.608,      0.288,      0.282]]],


          [[[    -0.146,     -0.429,      1.242,      0.377],
            [     0.023,      0.439,      0.663,     -0.156],
            [    -0.478,     -0.574,     -1.822,      0.672],
            [     1.874,      2.998,      1.357,      1.027],
            [    -0.839,     -0.024,      2.064,     -0.072]],

           [[    -0.728,      0.683,      0.619,     -1.734],
            [     0.881,      0.475,     -0.429,     -1.322],
            [     0.933,      0.837,     -1.202,     -0.951],
            [     0.587,     -1.225,     -0.574,      0.227],
            [     1.839,     -1.273,      2.998,      2.399]],

           [[    -1.384,     -0.421,      1.944,     -0.126],
            [     0.568,     -0.620,      1.252,     -0.856],
            [     0.960,      0.473,      0.475,     -2.090],
            [     1.022,     -0.795,      0.837,     -0.453],
            [     0.506,     -0.889,     -2.408,     -1.146]]],


          [[[     1.495,      0.485,      0.449,      1.492],
            [    -0.796,     -1.625,      1.889,      0.145],
            [     0.202,      0.537,     -1.148,     -0.489],
            [    -0.396,     -0.923,      0.187,     -1.061],
            [    -0.481,     -1.053,      0.112,     -0.036]],

           [[     0.672,      0.781,     -0.670,      0.121],
            [    -1.500,      3.347,      0.765,     -0.334],
            [     0.536,     -1.039,      2.676,     -0.803],
            [     1.766,     -1.057,     -2.391,      2.188],
            [     0.191,     -0.788,      0.556,     -2.747]],

           [[    -0.527,      0.357,     -0.717,     -0.443],
            [    -0.270,      0.365,      0.073,      0.963],
            [    -0.604,     -1.010,      1.399,      0.035],
            [     0.733,     -0.033,     -2.604,     -0.442],
            [     0.969,      0.077,     -0.462,     -3.152]]],


          [[[     2.268,     -0.779,     -1.060,      1.679],
            [    -0.727,      1.051,     -0.006,     -0.618],
            [     0.037,     -0.543,      1.225,      0.407],
            [    -0.084,      1.294,      1.876,      1.576],
            [     1.149,     -0.933,      0.340,     -1.743]],

           [[     1.046,     -0.575,     -1.035,      1.018],
            [     0.162,      1.225,     -0.521,     -0.260],
            [    -0.523,      1.876,      0.115,      1.235],
            [     0.299,      0.340,     -3.759,     -1.428],
            [    -0.465,      2.144,     -0.525,      1.443]],

           [[     0.453,     -0.521,      0.711,     -0.508],
            [    -0.448,      1.842,      0.228,      0.744],
            [    -3.017,     -3.759,     -0.131,     -0.347],
            [    -0.190,     -0.525,     -0.339,      1.447],
            [    -0.291,     -0.578,     -2.351,     -1.342]]]],



         [[[[    -2.596,      1.261,      0.156,     -1.607],
            [     0.844,      1.263,     -0.770,      2.281],
            [    -1.462,      0.186,     -0.441,      1.247],
            [     0.311,     -0.292,      2.264,     -1.666],
            [     0.727,     -2.472,     -0.200,      1.311]],

           [[    -2.664,      0.417,     -1.542,     -1.127],
            [    -1.084,     -1.251,      0.957,      0.370],
            [    -2.620,      1.197,     -0.188,      0.370],
            [     1.796,     -1.142,     -1.357,     -0.957],
            [    -0.761,      1.185,      0.498,      0.366]],

           [[    -0.370,     -2.242,     -0.514,      0.611],
            [    -2.223,      0.739,     -0.432,     -0.408],
            [    -1.505,      0.020,     -0.731,     -1.004],
            [     1.920,     -1.346,     -0.381,      2.197],
            [    -3.090,     -0.863,     -2.077,      1.204]]],


          [[[    -0.603,     -0.660,     -0.868,     -0.724],
            [    -0.420,     -1.521,     -1.361,     -1.435],
            [     0.089,      1.846,      2.740,     -0.364],
            [     0.890,      1.674,     -0.101,      0.751],
            [     0.500,      0.798,     -1.086,     -1.563]],

           [[    -0.182,      0.462,      0.963,     -0.145],
            [     0.168,     -0.868,      0.207,     -0.303],
            [    -2.121,     -0.029,     -0.461,      0.050],
            [    -0.491,      2.740,      0.038,     -0.332],
            [     2.379,     -0.101,     -0.725,      0.829]],

           [[    -2.480,     -1.339,     -0.305,      0.245],
            [     0.534,      0.563,      0.414,      0.194],
            [     1.020,      0.207,      0.006,     -0.437],
            [    -4.297,     -0.461,      0.292,      1.154],
            [    -0.190,     -0.178,     -0.250,      2.004]]],


          [[[     2.037,     -1.160,     -1.000,     -0.620],
            [     1.880,     -0.827,      0.592,      0.227],
            [    -0.046,     -0.267,     -0.616,      0.399],
            [    -1.024,      0.421,      0.798,      0.103],
            [    -0.138,      1.649,      1.021,      0.127]],

           [[     0.394,     -0.520,     -0.318,     -0.830],
            [    -0.475,     -0.754,     -1.327,     -2.307],
            [    -2.472,      0.650,     -2.782,     -1.597],
            [    -2.634,     -1.255,     -2.035,      0.316],
            [    -2.267,     -0.391,     -1.746,     -0.387]],

           [[    -1.970,     -2.457,     -1.022,      0.018],
            [    -1.812,      0.877,     -0.938,     -1.133],
            [    -0.514,     -0.657,     -1.352,      1.494],
            [    -1.523,     -1.483,      0.301,     -2.084],
            [    -1.108,      0.042,     -1.626,      0.884]]],


          [[[    -0.052,     -0.332,     -1.850,      0.606],
            [     0.215,      0.032,     -0.062,      1.301],
            [     1.978,     -0.860,     -0.406,     -0.305],
            [     1.076,     -0.467,     -0.751,      1.613],
            [     1.255,     -1.747,      0.910,     -0.290]],

           [[    -0.831,      1.584,      0.359,     -0.842],
            [     3.646,     -1.355,     -0.860,      0.339],
            [    -0.862,     -0.615,     -0.467,      0.200],
            [     1.774,     -1.101,     -1.747,      0.166],
            [    -2.099,      0.456,      0.715,      0.072]],

           [[     2.014,      0.081,     -1.355,     -0.975],
            [     0.651,     -0.679,      0.131,     -2.272],
            [     0.056,      0.640,     -1.101,      0.763],
            [    -0.897,      1.451,      0.456,     -1.025],
            [    -1.392,      0.234,     -0.305,     -0.822]]],


          [[[    -0.584,     -0.684,     -0.645,     -1.451],
            [    -1.754,      2.117,     -1.435,     -2.331],
            [    -3.395,     -0.554,      0.337,      0.302],
            [    -2.127,      0.912,     -0.122,     -0.433],
            [     2.570,      1.581,     -0.699,      0.232]],

           [[     0.862,      0.016,     -3.048,     -1.654],
            [    -0.863,     -0.672,      1.468,      0.520],
            [    -1.705,     -0.254,     -2.579,      2.564],
            [    -1.200,     -0.501,      0.119,      0.350],
            [     1.211,     -0.870,      1.566,      1.479]],

           [[     0.070,      0.443,      0.670,     -2.347],
            [     2.761,     -0.877,     -0.384,      2.053],
            [    -0.249,     -3.616,     -2.696,      1.001],
            [    -0.274,     -0.613,     -1.949,      0.557],
            [     1.353,     -0.581,      1.468,      0.459]]],


          [[[     2.418,      0.604,     -0.037,      0.053],
            [    -0.089,     -3.711,     -0.054,      3.061],
            [    -0.567,      0.103,     -1.031,     -0.034],
            [     1.928,     -1.869,      1.203,     -0.399],
            [     0.606,     -2.647,     -0.600,      0.102]],

           [[     0.326,     -0.569,     -0.359,     -1.936],
            [     0.579,     -0.314,      0.604,     -0.861],
            [    -0.260,     -1.754,     -1.848,      0.078],
            [     0.463,      0.306,      0.103,     -0.007],
            [     0.675,      0.195,     -1.869,     -1.736]],

           [[    -0.694,     -1.258,      2.066,      0.505],
            [    -1.582,     -0.707,      1.052,     -0.561],
            [    -0.433,      1.453,     -0.314,     -1.324],
            [    -0.552,      0.520,     -1.754,      0.643],
            [    -1.337,     -1.424,      1.864,     -0.890]]],


          [[[    -0.786,     -1.616,      0.978,      0.429],
            [    -0.930,     -0.946,      0.410,      1.269],
            [     0.125,     -0.746,     -0.327,      0.079],
            [     0.637,      0.405,     -1.479,     -1.574],
            [     0.256,     -1.084,      0.511,      0.240]],

           [[     0.981,     -2.354,      0.816,      1.363],
            [     1.542,     -1.438,     -1.730,      0.130],
            [     1.406,     -2.554,      0.890,     -0.955],
            [     2.319,     -1.035,     -1.066,     -1.434],
            [     0.874,      0.725,      1.167,     -1.009]],

           [[    -0.456,     -0.831,     -0.402,      0.158],
            [     0.274,     -0.258,     -0.380,     -0.296],
            [     0.724,      0.265,      0.376,     -0.185],
            [    -0.364,     -2.273,      1.941,     -0.992],
            [     0.190,     -0.835,      0.767,      0.872]]],


          [[[     0.623,      0.335,     -0.124,      0.051],
            [    -1.425,      0.185,     -0.968,      2.463],
            [    -0.435,      0.984,     -2.762,      1.967],
            [    -0.515,      0.749,     -0.271,     -1.369],
            [    -1.476,      0.891,     -1.302,     -0.296]],

           [[     0.632,     -1.604,      0.479,      1.444],
            [    -0.292,     -2.762,     -0.985,     -0.141],
            [     0.276,     -0.271,      0.085,     -1.404],
            [    -2.040,     -1.302,      0.920,      0.043],
            [    -1.408,      0.422,      2.020,     -0.747]],

           [[     1.353,     -0.985,      2.125,     -1.431],
            [    -0.597,     -0.150,      1.021,      0.771],
            [     2.688,      0.920,     -0.839,      1.412],
            [     0.610,      2.020,     -0.685,     -0.498],
            [    -1.678,      1.005,     -1.619,      0.115]]]]]],
       dtype=torch.float64)

Shift branch only (output - x), with residual input removed:
tensor([[[[[[ 0.000,  0.000, -1.169, -0.798],
            [ 0.000,  0.000,  1.173, -0.124],
            [ 0.000,  0.000,  0.000,  0.000],
            [ 0.000,  0.000,  0.106, -0.370],
            [ 0.000,  0.000,  0.000,  0.000]],

           [[ 0.017, -0.713, -0.398,  1.008],
            [-0.506, -1.519,  1.248, -1.145],
            [ 0.656, -1.467,  0.313,  0.242],
            [-0.146,  0.084, -0.333,  0.235],
            [ 1.607, -1.440,  0.000,  0.000]],

           [[-1.169, -0.798,  0.000,  0.000],
            [ 1.173, -0.124,  0.000,  0.000],
            [ 0.000,  0.000,  0.000,  0.000],
            [ 0.106, -0.370,  0.000,  0.000],
            [ 0.000,  0.000,  0.000,  0.000]]],


          [[[ 0.000,  0.000,  0.224,  2.256],
            [ 0.000,  0.000,  0.000,  0.000],
            [ 0.000,  0.000, -1.598, -0.342],
            [ 0.000,  0.000,  0.000,  0.000],
            [ 0.000,  0.000,  0.000,  0.000]],

           [[ 0.000,  0.000, -1.496,  1.690],
            [-0.952, -0.461, -0.206, -1.467],
            [-1.006, -0.916,  0.660,  1.206],
            [ 0.379,  0.757,  0.000,  0.000],
            [-0.059,  0.220,  0.000,  0.000]],

           [[ 0.000,  0.000,  0.000,  0.000],
            [-1.158,  1.363,  0.000,  0.000],
            [-0.236, -0.087,  0.000,  0.000],
            [ 0.000,  0.000,  0.000,  0.000],
            [-0.120,  0.279,  0.000,  0.000]]],


          [[[ 0.000,  0.000,  0.049,  0.026],
            [ 0.374, -0.471,  1.132, -0.338],
            [ 0.049,  0.026,  0.651,  0.362],
            [ 1.132, -0.338,  0.364,  1.150],
            [ 0.651,  0.362,  0.000,  0.000]],

           [[ 0.000,  0.000, -0.721, -0.875],
            [-1.233, -0.562,  0.000,  0.000],
            [-0.721, -0.875, -1.087, -0.759],
            [ 0.000,  0.000,  0.000,  0.000],
            [-1.087, -0.759,  0.000,  0.000]],

           [[ 0.000,  0.000, -1.182,  0.187],
            [ 1.492, -1.456,  0.094,  0.310],
            [-1.182,  0.187,  0.587,  0.415],
            [ 0.094,  0.310,  0.000,  0.000],
            [ 0.587,  0.415,  0.000,  0.000]]],


          [[[ 0.000,  0.000,  0.000,  0.000],
            [-0.371,  0.536,  0.000,  0.000],
            [-1.216, -0.082,  0.000,  0.000],
            [ 0.000,  0.000,  0.000,  0.000],
            [ 0.481,  0.494,  0.000,  0.000]],

           [[ 0.000,  0.000,  1.989, -0.204],
            [-1.984,  1.923,  0.096,  0.657],
            [-0.135,  0.247,  0.308,  0.586],
            [ 0.094, -1.137,  1.695,  1.775],
            [-0.943,  0.625,  0.000,  0.000]],

           [[ 0.000,  0.000,  1.657, -0.606],
            [ 0.000,  0.000,  0.000,  0.000],
            [ 0.000,  0.000,  0.086, -0.314],
            [ 0.000,  0.000,  0.000,  0.000],
            [ 0.000,  0.000,  0.000,  0.000]]],


          [[[ 0.609, -0.283,  0.000,  0.000],
            [-0.712,  2.210,  0.000,  0.000],
            [ 0.000,  0.000,  0.000,  0.000],
            [ 1.441,  0.228,  0.000,  0.000],
            [ 0.000,  0.000,  0.000,  0.000]],

           [[-1.358,  0.774,  0.434, -0.034],
            [-1.642, -0.305, -0.401, -0.377],
            [-0.596, -1.508,  1.686, -0.143],
            [ 1.819,  0.504, -1.476,  0.006],
            [ 0.000,  0.000,  1.072, -0.154]],

           [[ 0.000,  0.000,  0.609, -0.283],
            [ 0.000,  0.000, -0.712,  2.210],
            [ 0.000,  0.000,  0.000,  0.000],
            [ 0.000,  0.000,  1.441,  0.228],
            [ 0.000,  0.000,  0.000,  0.000]]],


          [[[-1.780,  0.053,  0.000,  0.000],
            [ 0.000,  0.000,  0.000,  0.000],
            [ 0.160, -0.567,  0.000,  0.000],
            [ 0.000,  0.000,  0.000,  0.000],
            [ 0.000,  0.000,  0.000,  0.000]],

           [[-0.959,  0.058,  0.000,  0.000],
            [ 0.614,  0.891,  0.372,  0.594],
            [-0.978, -0.112, -0.631, -1.053],
            [ 0.000,  0.000, -0.928, -1.314],
            [ 0.000,  0.000, -0.643, -0.440]],

           [[ 0.000,  0.000,  0.000,  0.000],
            [ 0.000,  0.000,  1.290, -0.608],
            [ 0.000,  0.000, -0.889,  0.465],
            [ 0.000,  0.000,  0.000,  0.000],
            [ 0.000,  0.000,  0.396, -0.567]]],


          [[[-0.523,  0.639,  0.000,  0.000],
            [ 0.345,  0.893,  0.470, -1.472],
            [ 3.053, -1.900, -0.523,  0.639],
            [-2.243,  2.601,  0.345,  0.893],
            [ 0.000,  0.000,  3.053, -1.900]],

           [[ 0.164, -1.721,  0.000,  0.000],
            [ 0.000,  0.000,  0.654,  0.326],
            [ 1.683,  1.444,  0.164, -1.721],
            [ 0.000,  0.000,  0.000,  0.000],
            [ 0.000,  0.000,  1.683,  1.444]],

           [[-0.303,  0.902,  0.000,  0.000],
            [ 1.460,  2.128,  0.139,  0.807],
            [-0.362, -0.051, -0.303,  0.902],
            [ 0.000,  0.000,  1.460,  2.128],
            [ 0.000,  0.000, -0.362, -0.051]]],


          [[[ 0.000,  0.000,  0.000,  0.000],
            [ 0.000,  0.000,  1.412, -0.136],
            [ 0.000,  0.000,  0.492,  0.037],
            [ 0.000,  0.000,  0.000,  0.000],
            [ 0.000,  0.000, -1.271, -1.096]],

           [[-0.530,  0.803,  0.000,  0.000],
            [ 0.839, -0.915,  0.832,  0.103],
            [-0.503, -0.278, -0.505, -0.379],
            [-1.143, -0.225,  0.163, -1.110],
            [ 0.000,  0.000,  1.094, -0.917]],

           [[-0.771,  0.930,  0.000,  0.000],
            [ 0.000,  0.000,  0.000,  0.000],
            [-0.508, -0.747,  0.000,  0.000],
            [ 0.000,  0.000,  0.000,  0.000],
            [ 0.000,  0.000,  0.000,  0.000]]]],



         [[[[ 0.000,  0.000,  0.322,  1.315],
            [ 0.000,  0.000, -1.377, -1.949],
            [ 0.000,  0.000,  0.000,  0.000],
            [ 0.000,  0.000, -1.267,  1.145],
            [ 0.000,  0.000,  0.000,  0.000]],

           [[-0.564,  0.226,  0.330, -1.136],
            [-0.864, -0.289, -0.696, -0.078],
            [-0.623,  1.302,  1.879,  0.456],
            [-1.186,  0.896,  1.659,  1.594],
            [-1.052,  0.191,  0.000,  0.000]],

           [[ 0.322,  1.315,  0.000,  0.000],
            [-1.377, -1.949,  0.000,  0.000],
            [ 0.000,  0.000,  0.000,  0.000],
            [-1.267,  1.145,  0.000,  0.000],
            [ 0.000,  0.000,  0.000,  0.000]]],


          [[[ 0.000,  0.000, -0.247, -0.752],
            [ 0.000,  0.000,  0.000,  0.000],
            [ 0.000,  0.000, -0.140, -0.247],
            [ 0.000,  0.000,  0.000,  0.000],
            [ 0.000,  0.000,  0.000,  0.000]],

           [[ 0.000,  0.000,  1.216, -0.606],
            [ 0.493,  0.160, -0.551,  0.965],
            [-0.137,  0.523, -1.780, -1.994],
            [ 0.714, -0.870,  0.000,  0.000],
            [-0.010,  0.434,  0.000,  0.000]],

           [[ 0.000,  0.000,  0.000,  0.000],
            [ 0.434,  1.168,  0.000,  0.000],
            [-0.258, -0.966,  0.000,  0.000],
            [ 0.000,  0.000,  0.000,  0.000],
            [-0.553, -0.857,  0.000,  0.000]]],


          [[[ 0.000,  0.000, -0.328,  0.583],
            [-1.285,  0.756,  3.176,  0.368],
            [-0.328,  0.583, -1.710,  0.454],
            [ 3.176,  0.368, -2.415,  0.797],
            [-1.710,  0.454,  0.000,  0.000]],

           [[ 0.000,  0.000, -0.139, -0.877],
            [ 1.408, -0.858,  0.000,  0.000],
            [-0.139, -0.877, -0.975,  0.538],
            [ 0.000,  0.000,  0.000,  0.000],
            [-0.975,  0.538,  0.000,  0.000]],

           [[ 0.000,  0.000, -1.852,  0.909],
            [-0.861, -0.396, -0.569,  0.310],
            [-1.852,  0.909, -0.208, -0.840],
            [-0.569,  0.310,  0.000,  0.000],
            [-0.208, -0.840,  0.000,  0.000]]],


          [[[ 0.000,  0.000,  0.000,  0.000],
            [ 1.124, -0.368,  0.000,  0.000],
            [-0.151, -0.755,  0.000,  0.000],
            [ 0.000,  0.000,  0.000,  0.000],
            [ 0.315,  0.096,  0.000,  0.000]],

           [[ 0.000,  0.000,  0.332, -0.205],
            [-0.615, -0.043,  0.577, -1.053],
            [-0.916, -0.706,  1.377, -0.762],
            [-0.702,  0.318,  1.738,  1.196],
            [-0.676, -0.858,  0.000,  0.000]],

           [[ 0.000,  0.000, -0.901,  1.660],
            [ 0.000,  0.000,  0.000,  0.000],
            [ 0.000,  0.000,  0.903, -0.135],
            [ 0.000,  0.000,  0.000,  0.000],
            [ 0.000,  0.000,  0.000,  0.000]]],


          [[[ 2.908,  0.083,  0.000,  0.000],
            [-0.738, -0.064,  0.000,  0.000],
            [ 0.000,  0.000,  0.000,  0.000],
            [ 0.209,  0.157,  0.000,  0.000],
            [ 0.000,  0.000,  0.000,  0.000]],

           [[ 0.018,  0.387,  1.123,  1.071],
            [ 0.147,  1.158, -0.391,  0.459],
            [-1.488, -0.375,  0.308, -0.966],
            [-2.216,  0.891,  0.457, -0.170],
            [ 0.000,  0.000,  0.671,  1.018]],

           [[ 0.000,  0.000,  2.908,  0.083],
            [ 0.000,  0.000, -0.738, -0.064],
            [ 0.000,  0.000,  0.000,  0.000],
            [ 0.000,  0.000,  0.209,  0.157],
            [ 0.000,  0.000,  0.000,  0.000]]],


          [[[-0.321, -0.262,  0.000,  0.000],
            [ 0.000,  0.000,  0.000,  0.000],
            [ 0.935, -0.492,  0.000,  0.000],
            [ 0.000,  0.000,  0.000,  0.000],
            [ 0.000,  0.000,  0.000,  0.000]],

           [[-0.932,  1.104,  0.000,  0.000],
            [ 1.142,  1.420, -1.223, -2.902],
            [ 1.435,  1.413, -1.141,  0.861],
            [ 0.000,  0.000,  0.535,  1.329],
            [ 0.000,  0.000, -0.648, -0.819]],

           [[ 0.000,  0.000,  0.000,  0.000],
            [ 0.000,  0.000,  1.223,  1.428],
            [ 0.000,  0.000,  0.646,  0.568],
            [ 0.000,  0.000,  0.000,  0.000],
            [ 0.000,  0.000,  0.812,  0.070]]],


          [[[ 0.866,  0.370,  0.000,  0.000],
            [ 0.963, -0.203,  2.621, -0.704],
            [-0.175,  0.803,  0.866,  0.370],
            [-0.386, -0.209,  0.963, -0.203],
            [ 0.000,  0.000, -0.175,  0.803]],

           [[ 2.375,  0.008,  0.000,  0.000],
            [ 0.000,  0.000,  0.163,  0.092],
            [-0.960,  0.954,  2.375,  0.008],
            [ 0.000,  0.000,  0.000,  0.000],
            [ 0.000,  0.000, -0.960,  0.954]],

           [[ 1.023, -3.106,  0.000,  0.000],
            [ 0.265,  0.393,  2.253,  0.046],
            [-1.625,  1.331,  1.023, -3.106],
            [ 0.000,  0.000,  0.265,  0.393],
            [ 0.000,  0.000, -1.625,  1.331]]],


          [[[ 0.000,  0.000,  0.000,  0.000],
            [ 0.000,  0.000, -0.770,  0.466],
            [ 0.000,  0.000,  0.474, -0.802],
            [ 0.000,  0.000,  0.000,  0.000],
            [ 0.000,  0.000, -2.059, -0.053]],

           [[-0.097, -0.301,  0.000,  0.000],
            [-1.344, -1.258,  2.095, -0.297],
            [-0.967,  0.809, -0.367,  0.411],
            [-0.787, -0.896,  0.542,  0.503],
            [ 0.000,  0.000,  0.914, -1.339]],

           [[-0.545,  0.583,  0.000,  0.000],
            [ 0.000,  0.000,  0.000,  0.000],
            [-1.802, -1.428,  0.000,  0.000],
            [ 0.000,  0.000,  0.000,  0.000],
            [ 0.000,  0.000,  0.000,  0.000]]]],



         [[[[ 0.000,  0.000, -0.966, -0.199],
            [ 0.000,  0.000, -1.751,  0.727],
            [ 0.000,  0.000,  0.000,  0.000],
            [ 0.000,  0.000, -1.208,  1.324],
            [ 0.000,  0.000,  0.000,  0.000]],

           [[ 1.371,  1.185,  1.733, -0.295],
            [-0.092, -1.941, -0.162, -0.923],
            [-0.423, -0.817, -1.376,  0.867],
            [-0.331, -2.128,  0.193, -0.057],
            [ 0.345,  0.553,  0.000,  0.000]],

           [[-0.966, -0.199,  0.000,  0.000],
            [-1.751,  0.727,  0.000,  0.000],
            [ 0.000,  0.000,  0.000,  0.000],
            [-1.208,  1.324,  0.000,  0.000],
            [ 0.000,  0.000,  0.000,  0.000]]],


          [[[ 0.000,  0.000, -0.906,  0.972],
            [ 0.000,  0.000,  0.000,  0.000],
            [ 0.000,  0.000,  0.481,  0.746],
            [ 0.000,  0.000,  0.000,  0.000],
            [ 0.000,  0.000,  0.000,  0.000]],

           [[ 0.000,  0.000,  3.198, -1.335],
            [-0.156,  0.623, -0.324, -1.079],
            [-1.294,  0.011,  0.196, -1.198],
            [-0.385, -1.151,  0.000,  0.000],
            [ 0.462, -0.929,  0.000,  0.000]],

           [[ 0.000,  0.000,  0.000,  0.000],
            [-1.538,  0.896,  0.000,  0.000],
            [ 0.231,  0.970,  0.000,  0.000],
            [ 0.000,  0.000,  0.000,  0.000],
            [ 1.456,  0.042,  0.000,  0.000]]],


          [[[ 0.000,  0.000,  0.612, -0.673],
            [ 0.400, -0.665, -0.194, -0.203],
            [ 0.612, -0.673, -0.566,  0.598],
            [-0.194, -0.203,  0.301, -0.122],
            [-0.566,  0.598,  0.000,  0.000]],

           [[ 0.000,  0.000,  0.499, -0.584],
            [-0.772, -0.991,  0.000,  0.000],
            [ 0.499, -0.584, -1.135, -0.392],
            [ 0.000,  0.000,  0.000,  0.000],
            [-1.135, -0.392,  0.000,  0.000]],

           [[ 0.000,  0.000, -1.271, -0.747],
            [ 0.336, -1.326, -0.842, -1.651],
            [-1.271, -0.747,  0.900, -0.250],
            [-0.842, -1.651,  0.000,  0.000],
            [ 0.900, -0.250,  0.000,  0.000]]],


          [[[ 0.000,  0.000,  0.000,  0.000],
            [ 0.318,  1.543,  0.000,  0.000],
            [-0.731, -0.301,  0.000,  0.000],
            [ 0.000,  0.000,  0.000,  0.000],
            [ 1.615,  0.195,  0.000,  0.000]],

           [[ 0.000,  0.000, -1.712, -0.123],
            [-0.432, -0.929, -1.034, -1.896],
            [-0.299, -0.878, -0.569,  0.707],
            [-0.097,  1.229, -0.573, -1.029],
            [ 1.483,  0.249,  0.000,  0.000]],

           [[ 0.000,  0.000, -0.539,  1.054],
            [ 0.000,  0.000,  0.000,  0.000],
            [ 0.000,  0.000, -0.711,  1.424],
            [ 0.000,  0.000,  0.000,  0.000],
            [ 0.000,  0.000,  0.000,  0.000]]],


          [[[-0.689, -2.289,  0.000,  0.000],
            [ 1.119, -0.884,  0.000,  0.000],
            [ 0.000,  0.000,  0.000,  0.000],
            [-0.448, -2.126,  0.000,  0.000],
            [ 0.000,  0.000,  0.000,  0.000]],

           [[-1.286,  1.501,  1.046,  0.545],
            [-0.315, -1.022, -0.477,  0.051],
            [-1.767, -1.281,  0.766,  0.579],
            [ 2.183, -0.031, -0.499,  0.395],
            [ 0.000,  0.000, -1.454,  1.130]],

           [[ 0.000,  0.000, -0.689, -2.289],
            [ 0.000,  0.000,  1.119, -0.884],
            [ 0.000,  0.000,  0.000,  0.000],
            [ 0.000,  0.000, -0.448, -2.126],
            [ 0.000,  0.000,  0.000,  0.000]]],


          [[[ 0.680,  1.638,  0.000,  0.000],
            [ 0.000,  0.000,  0.000,  0.000],
            [-0.472,  0.342,  0.000,  0.000],
            [ 0.000,  0.000,  0.000,  0.000],
            [ 0.000,  0.000,  0.000,  0.000]],

           [[-0.480,  0.546,  0.000,  0.000],
            [-1.318,  1.000,  0.735, -0.225],
            [-1.093, -0.007,  0.420, -0.420],
            [ 0.000,  0.000,  0.582,  0.892],
            [ 0.000,  0.000, -0.714, -0.300]],

           [[ 0.000,  0.000,  0.000,  0.000],
            [ 0.000,  0.000, -0.591, -2.072],
            [ 0.000,  0.000, -0.422, -0.567],
            [ 0.000,  0.000,  0.000,  0.000],
            [ 0.000,  0.000, -0.594, -1.353]]],


          [[[ 0.679, -0.093,  0.000,  0.000],
            [ 1.100,  0.244, -1.047,  0.785],
            [-0.775, -1.286,  0.679, -0.093],
            [-0.441, -0.485,  1.100,  0.244],
            [ 0.000,  0.000, -0.775, -1.286]],

           [[ 0.585, -0.769,  0.000,  0.000],
            [ 0.000,  0.000,  1.176, -0.592],
            [ 1.321, -0.654,  0.585, -0.769],
            [ 0.000,  0.000,  0.000,  0.000],
            [ 0.000,  0.000,  1.321, -0.654]],

           [[-0.127,  0.582,  0.000,  0.000],
            [ 1.664,  0.072, -0.753, -1.901],
            [ 0.228, -0.114, -0.127,  0.582],
            [ 0.000,  0.000,  1.664,  0.072],
            [ 0.000,  0.000,  0.228, -0.114]]],


          [[[ 0.000,  0.000,  0.000,  0.000],
            [ 0.000,  0.000, -0.011,  0.094],
            [ 0.000,  0.000,  0.182, -0.593],
            [ 0.000,  0.000,  0.000,  0.000],
            [ 0.000,  0.000, -1.648, -0.301]],

           [[ 0.354, -0.784,  0.000,  0.000],
            [ 1.944,  1.390,  1.105, -0.049],
            [-0.448, -0.878, -0.493,  1.123],
            [ 1.305, -1.979,  0.232, -1.312],
            [ 0.000,  0.000, -0.020,  1.252]],

           [[ 0.564, -1.121,  0.000,  0.000],
            [ 0.000,  0.000,  0.000,  0.000],
            [-0.743, -2.023,  0.000,  0.000],
            [ 0.000,  0.000,  0.000,  0.000],
            [ 0.000,  0.000,  0.000,  0.000]]]]],




        [[[[[ 0.000,  0.000,  1.238,  1.991],
            [ 0.000,  0.000, -0.495, -1.661],
            [ 0.000,  0.000,  0.743, -0.603],
            [ 0.000,  0.000, -1.155, -2.183],
            [ 0.000,  0.000,  0.359, -0.226]],

           [[ 1.142,  0.572, -0.305, -0.602],
            [ 0.000,  0.000,  0.000,  0.000],
            [-0.871, -1.029, -0.679, -1.523],
            [-0.884,  0.657, -1.664, -1.661],
            [-0.112, -0.138,  0.000,  0.000]],

           [[ 1.238,  1.991,  0.000,  0.000],
            [-0.495, -1.661,  0.000,  0.000],
            [ 0.743, -0.603,  0.000,  0.000],
            [-1.155, -2.183,  0.000,  0.000],
            [ 0.359, -0.226,  0.000,  0.000]]],


          [[[ 0.000,  0.000, -0.147, -0.148],
            [ 0.000,  0.000,  0.409, -0.625],
            [ 0.000,  0.000,  0.478, -0.373],
            [ 0.000,  0.000,  0.503,  1.869],
            [ 0.000,  0.000,  0.000,  0.000]],

           [[ 0.000,  0.000,  0.000,  0.000],
            [-1.068, -0.118, -1.025, -0.872],
            [ 0.000,  0.000, -0.609, -0.341],
            [ 0.100,  0.515,  0.000,  0.000],
            [-1.772,  0.655,  0.000,  0.000]],

           [[ 0.000,  0.000,  0.000,  0.000],
            [ 0.031,  2.363,  0.000,  0.000],
            [-0.588,  1.029,  0.000,  0.000],
            [-0.119, -2.279,  0.000,  0.000],
            [-0.384,  0.491,  0.000,  0.000]]],


          [[[ 0.000,  0.000,  0.000,  0.000],
            [-1.067, -0.524,  3.447,  0.541],
            [ 0.000,  0.000, -0.544,  1.535],
            [ 3.447,  0.541,  0.855,  0.265],
            [-0.544,  1.535,  0.000,  0.000]],

           [[ 0.000,  0.000, -0.573, -0.510],
            [-0.838, -1.050,  0.368,  0.364],
            [-0.573, -0.510,  1.328, -0.640],
            [ 0.368,  0.364,  1.310,  1.275],
            [ 1.328, -0.640,  0.000,  0.000]],

           [[ 0.000,  0.000,  0.000,  0.000],
            [-1.234,  0.993,  0.721, -1.134],
            [ 0.000,  0.000,  0.399, -0.949],
            [ 0.721, -1.134,  0.000,  0.000],
            [ 0.399, -0.949,  0.000,  0.000]]],


          [[[ 0.000,  0.000,  0.000,  0.000],
            [ 0.643, -0.029,  0.000,  0.000],
            [ 2.357, -0.243,  0.000,  0.000],
            [-1.530, -2.267,  0.000,  0.000],
            [-0.479, -0.231,  0.000,  0.000]],

           [[ 0.000,  0.000,  0.000,  0.000],
            [ 1.066,  0.048, -2.056,  1.425],
            [ 0.000,  0.000,  0.081, -0.130],
            [ 1.093,  0.549,  2.441,  0.566],
            [ 2.459,  0.752,  0.000,  0.000]],

           [[ 0.000,  0.000,  0.521,  0.971],
            [ 0.000,  0.000, -1.235, -0.462],
            [ 0.000,  0.000, -0.950,  1.427],
            [ 0.000,  0.000,  0.379,  0.379],
            [ 0.000,  0.000,  0.000,  0.000]]],


          [[[ 0.490,  2.327,  0.000,  0.000],
            [ 2.064, -0.550,  0.000,  0.000],
            [-0.028, -1.166,  0.000,  0.000],
            [-1.637,  0.473,  0.000,  0.000],
            [-0.437, -1.086,  0.000,  0.000]],

           [[-1.118, -0.472,  1.465,  0.849],
            [ 0.000,  0.000,  0.000,  0.000],
            [ 1.850,  0.015, -0.179,  0.578],
            [-0.516, -0.562, -0.872, -0.652],
            [ 0.000,  0.000, -0.226,  0.307]],

           [[ 0.000,  0.000,  0.490,  2.327],
            [ 0.000,  0.000,  2.064, -0.550],
            [ 0.000,  0.000, -0.028, -1.166],
            [ 0.000,  0.000, -1.637,  0.473],
            [ 0.000,  0.000, -0.437, -1.086]]],


          [[[-0.858, -0.545,  0.000,  0.000],
            [ 1.211, -1.347,  0.000,  0.000],
            [ 1.148, -1.251,  0.000,  0.000],
            [-0.367, -0.496,  0.000,  0.000],
            [ 0.000,  0.000,  0.000,  0.000]],

           [[ 0.000,  0.000,  0.000,  0.000],
            [ 0.728,  0.637,  0.631,  2.141],
            [ 0.544,  0.436,  0.000,  0.000],
            [ 0.000,  0.000, -0.021, -1.370],
            [ 0.000,  0.000,  1.130,  0.730]],

           [[ 0.000,  0.000,  0.000,  0.000],
            [ 0.000,  0.000,  0.437, -1.572],
            [ 0.000,  0.000, -0.066,  0.509],
            [ 0.000,  0.000,  0.708, -0.794],
            [ 0.000,  0.000,  0.880,  0.952]]],


          [[[ 0.000,  0.000,  0.000,  0.000],
            [-0.217,  0.345, -1.624, -0.289],
            [ 1.300,  2.255,  0.000,  0.000],
            [-1.375, -1.121, -0.217,  0.345],
            [ 0.000,  0.000,  1.300,  2.255]],

           [[-1.880,  1.020,  0.000,  0.000],
            [ 0.718, -1.466,  0.588, -1.508],
            [ 2.068, -1.389, -1.880,  1.020],
            [-0.596,  0.661,  0.718, -1.466],
            [ 0.000,  0.000,  2.068, -1.389]],

           [[ 0.000,  0.000,  0.000,  0.000],
            [ 0.369, -0.898,  0.996,  1.609],
            [-1.216, -0.015,  0.000,  0.000],
            [ 0.000,  0.000,  0.369, -0.898],
            [ 0.000,  0.000, -1.216, -0.015]]],


          [[[ 0.000,  0.000,  0.000,  0.000],
            [ 0.000,  0.000,  1.207,  0.924],
            [ 0.000,  0.000, -1.774,  0.111],
            [ 0.000,  0.000,  0.948, -0.441],
            [ 0.000,  0.000,  0.298,  1.481]],

           [[ 0.000,  0.000,  0.000,  0.000],
            [-0.819,  0.643, -0.571, -0.610],
            [-0.488, -0.600,  0.000,  0.000],
            [ 0.356,  1.258,  2.206,  0.621],
            [ 0.000,  0.000,  0.880,  0.359]],

           [[ 0.004, -0.858,  0.000,  0.000],
            [-0.837, -0.917,  0.000,  0.000],
            [ 0.757,  0.440,  0.000,  0.000],
            [-0.950,  0.296,  0.000,  0.000],
            [ 0.000,  0.000,  0.000,  0.000]]]],



         [[[[ 0.000,  0.000, -0.244, -1.272],
            [ 0.000,  0.000,  0.640, -1.001],
            [ 0.000,  0.000, -0.601, -0.596],
            [ 0.000,  0.000, -1.102, -0.005],
            [ 0.000,  0.000, -0.165, -0.907]],

           [[ 0.568, -1.448,  1.553,  2.141],
            [ 0.000,  0.000,  0.000,  0.000],
            [ 1.169, -0.232,  0.367,  0.935],
            [-0.768, -0.563,  1.458, -0.329],
            [ 0.070,  1.413,  0.000,  0.000]],

           [[-0.244, -1.272,  0.000,  0.000],
            [ 0.640, -1.001,  0.000,  0.000],
            [-0.601, -0.596,  0.000,  0.000],
            [-1.102, -0.005,  0.000,  0.000],
            [-0.165, -0.907,  0.000,  0.000]]],


          [[[ 0.000,  0.000,  0.573, -1.039],
            [ 0.000,  0.000, -0.614, -0.121],
            [ 0.000,  0.000,  0.662, -0.428],
            [ 0.000,  0.000, -1.650,  0.978],
            [ 0.000,  0.000,  0.000,  0.000]],

           [[ 0.000,  0.000,  0.000,  0.000],
            [-0.989, -2.043, -0.186,  2.535],
            [ 0.000,  0.000,  0.922,  1.496],
            [-0.988,  2.040,  0.000,  0.000],
            [-1.494, -1.517,  0.000,  0.000]],

           [[ 0.000,  0.000,  0.000,  0.000],
            [ 1.355,  1.619,  0.000,  0.000],
            [-0.929, -2.261,  0.000,  0.000],
            [-0.141,  1.131,  0.000,  0.000],
            [-0.495,  1.152,  0.000,  0.000]]],


          [[[ 0.000,  0.000,  0.000,  0.000],
            [-0.521, -0.412,  1.965,  0.452],
            [ 0.000,  0.000, -1.628, -2.274],
            [ 1.965,  0.452,  0.222, -0.252],
            [-1.628, -2.274,  0.000,  0.000]],

           [[ 0.000,  0.000,  1.172,  0.590],
            [-0.512, -0.561,  0.708, -0.080],
            [ 1.172,  0.590,  1.374,  0.272],
            [ 0.708, -0.080, -0.870, -1.122],
            [ 1.374,  0.272,  0.000,  0.000]],

           [[ 0.000,  0.000,  0.000,  0.000],
            [ 0.088, -0.505, -0.314, -0.866],
            [ 0.000,  0.000, -1.489, -0.127],
            [-0.314, -0.866,  0.000,  0.000],
            [-1.489, -0.127,  0.000,  0.000]]],


          [[[ 0.000,  0.000,  0.000,  0.000],
            [ 2.477,  0.950,  0.000,  0.000],
            [ 0.892, -1.841,  0.000,  0.000],
            [-0.059,  1.675,  0.000,  0.000],
            [-1.287, -1.838,  0.000,  0.000]],

           [[ 0.000,  0.000,  0.000,  0.000],
            [-1.085,  0.707,  2.158, -0.483],
            [ 0.000,  0.000,  0.155,  0.629],
            [-0.328, -1.375,  0.028, -0.315],
            [ 0.188, -0.139,  0.000,  0.000]],

           [[ 0.000,  0.000,  0.420, -0.399],
            [ 0.000,  0.000,  1.427,  0.795],
            [ 0.000,  0.000,  0.173, -0.949],
            [ 0.000,  0.000,  1.333, -0.108],
            [ 0.000,  0.000,  0.000,  0.000]]],


          [[[ 0.745,  0.488,  0.000,  0.000],
            [ 0.848,  1.305,  0.000,  0.000],
            [-0.680,  0.236,  0.000,  0.000],
            [ 1.838, -0.299,  0.000,  0.000],
            [-0.454,  0.626,  0.000,  0.000]],

           [[ 1.104, -1.106,  1.645,  0.602],
            [ 0.000,  0.000,  0.000,  0.000],
            [-0.156, -1.202,  1.686,  0.662],
            [-0.487,  0.366,  1.406, -0.385],
            [ 0.000,  0.000,  0.348,  1.339]],

           [[ 0.000,  0.000,  0.745,  0.488],
            [ 0.000,  0.000,  0.848,  1.305],
            [ 0.000,  0.000, -0.680,  0.236],
            [ 0.000,  0.000,  1.838, -0.299],
            [ 0.000,  0.000, -0.454,  0.626]]],


          [[[-0.079,  0.331,  0.000,  0.000],
            [-0.089, -1.202,  0.000,  0.000],
            [ 0.587, -0.386,  0.000,  0.000],
            [ 1.839,  0.922,  0.000,  0.000],
            [ 0.000,  0.000,  0.000,  0.000]],

           [[ 0.000,  0.000,  0.000,  0.000],
            [ 0.960,  1.647, -0.760,  0.377],
            [ 1.022,  0.603,  0.000,  0.000],
            [ 0.000,  0.000, -0.188,  0.672],
            [ 0.000,  0.000,  2.076,  1.027]],

           [[ 0.000,  0.000,  0.000,  0.000],
            [ 0.000,  0.000,  0.683, -1.734],
            [ 0.000,  0.000, -1.173, -1.699],
            [ 0.000,  0.000,  0.234, -0.951],
            [ 0.000,  0.000, -1.225, -0.445]]],


          [[[ 0.000,  0.000,  0.000,  0.000],
            [ 0.118, -1.148,  1.495,  0.449],
            [ 0.084,  0.070,  0.000,  0.000],
            [-0.481,  0.028,  0.118, -1.148],
            [ 0.000,  0.000,  0.084,  0.070]],

           [[-0.461, -0.368,  0.000,  0.000],
            [-1.039,  3.136,  1.133, -0.670],
            [ 1.575, -1.352, -0.461, -0.368],
            [ 0.191, -1.019, -1.039,  3.136],
            [ 0.000,  0.000,  1.575, -1.352]],

           [[ 0.000,  0.000,  0.000,  0.000],
            [-1.337,  1.399, -0.527, -0.717],
            [ 0.733, -1.268,  0.000,  0.000],
            [ 0.000,  0.000, -1.337,  1.399],
            [ 0.000,  0.000,  0.733, -1.268]]],


          [[[ 0.000,  0.000,  0.000,  0.000],
            [ 0.000,  0.000, -0.575,  1.018],
            [ 0.000,  0.000,  0.796,  0.248],
            [ 0.000,  0.000,  0.368,  1.235],
            [ 0.000,  0.000, -0.647, -1.080]],

           [[ 0.000,  0.000,  0.000,  0.000],
            [ 0.037,  0.429, -0.092, -0.508],
            [-0.084,  1.508,  0.000,  0.000],
            [ 1.149,  0.987, -2.088, -0.347],
            [ 0.000,  0.000, -1.407,  1.447]],

           [[ 0.125, -0.429,  0.000,  0.000],
            [-0.439,  0.115,  0.000,  0.000],
            [-0.850, -1.671,  0.000,  0.000],
            [-0.465,  0.882,  0.000,  0.000],
            [ 0.000,  0.000,  0.000,  0.000]]]],



         [[[[ 0.000,  0.000, -0.068, -1.240],
            [ 0.000,  0.000, -1.084,  0.957],
            [ 0.000,  0.000, -1.158,  0.158],
            [ 0.000,  0.000,  1.485, -1.792],
            [ 0.000,  0.000, -1.488,  0.498]],

           [[-2.596,  0.224, -0.302, -0.514],
            [ 0.000,  0.000,  0.000,  0.000],
            [-1.462,  0.717, -0.347, -0.731],
            [ 0.311,  0.779,  0.435, -0.381],
            [ 0.727,  1.288,  0.000,  0.000]],

           [[-0.068, -1.240,  0.000,  0.000],
            [-1.084,  0.957,  0.000,  0.000],
            [-1.158,  0.158,  0.000,  0.000],
            [ 1.485, -1.792,  0.000,  0.000],
            [-1.488,  0.498,  0.000,  0.000]]],


          [[[ 0.000,  0.000, -0.062,  0.134],
            [ 0.000,  0.000, -0.029, -1.104],
            [ 0.000,  0.000,  0.601, -0.332],
            [ 0.000,  0.000,  0.872,  0.829],
            [ 0.000,  0.000,  0.000,  0.000]],

           [[ 0.000,  0.000,  0.000,  0.000],
            [-0.603, -0.806,  0.152, -0.437],
            [ 0.000,  0.000, -0.331,  1.154],
            [ 0.089,  2.139,  0.000,  0.000],
            [ 0.890, -0.973,  0.000,  0.000]],

           [[ 0.000,  0.000,  0.000,  0.000],
            [-0.182,  0.963,  0.000,  0.000],
            [ 0.771,  0.055,  0.000,  0.000],
            [-2.121, -0.131,  0.000,  0.000],
            [-0.580,  0.038,  0.000,  0.000]]],


          [[[ 0.000,  0.000,  0.000,  0.000],
            [ 2.037, -1.000, -0.046,  0.362],
            [ 0.000,  0.000, -0.978, -0.042],
            [-0.046,  0.362,  0.840,  1.021],
            [-0.978, -0.042,  0.000,  0.000]],

           [[ 0.000,  0.000, -0.869,  0.276],
            [ 0.394,  0.552, -1.603, -1.751],
            [-0.869,  0.276, -1.031, -0.800],
            [-1.603, -1.751, -1.236, -1.746],
            [-1.031, -0.800,  0.000,  0.000]],

           [[ 0.000,  0.000,  0.000,  0.000],
            [-1.970, -1.022, -0.514, -0.343],
            [ 0.000,  0.000, -1.009,  0.301],
            [-0.514, -0.343,  0.000,  0.000],
            [-1.009,  0.301,  0.000,  0.000]]],


          [[[ 0.000,  0.000,  0.000,  0.000],
            [-0.831,  0.359,  0.000,  0.000],
            [ 1.632, -2.152,  0.000,  0.000],
            [-0.862,  1.314,  0.000,  0.000],
            [ 1.718, -0.794,  0.000,  0.000]],

           [[ 0.000,  0.000,  0.000,  0.000],
            [ 2.014,  0.090,  1.293, -0.305],
            [ 0.000,  0.000, -1.782,  1.613],
            [ 0.056, -0.012, -0.953, -0.290],
            [-0.897,  0.639,  0.000,  0.000]],

           [[ 0.000,  0.000, -1.446,  0.644],
            [ 0.000,  0.000, -0.615, -1.413],
            [ 0.000,  0.000, -1.089,  0.455],
            [ 0.000,  0.000, -0.183,  0.072],
            [ 0.000,  0.000,  0.000,  0.000]]],


          [[[ 0.792, -1.672,  0.000,  0.000],
            [-0.863,  1.468,  0.000,  0.000],
            [-1.456, -0.640,  0.000,  0.000],
            [-0.926,  1.321,  0.000,  0.000],
            [ 1.211,  0.207,  0.000,  0.000]],

           [[ 0.070, -0.122, -1.376, -0.645],
            [ 0.000,  0.000,  0.000,  0.000],
            [-0.249, -1.240, -1.939,  0.337],
            [-0.274, -1.024, -1.202, -0.122],
            [ 0.000,  0.000,  1.359, -0.699]],

           [[ 0.000,  0.000,  0.792, -1.672],
            [ 0.000,  0.000, -0.863,  1.468],
            [ 0.000,  0.000, -1.456, -0.640],
            [ 0.000,  0.000, -0.926,  1.321],
            [ 0.000,  0.000,  1.211,  0.207]]],


          [[[ 1.011,  0.994,  0.000,  0.000],
            [ 0.292, -1.848,  0.000,  0.000],
            [ 0.463, -0.068,  0.000,  0.000],
            [ 0.675,  0.054,  0.000,  0.000],
            [ 0.000,  0.000,  0.000,  0.000]],

           [[ 0.000,  0.000,  0.000,  0.000],
            [-0.433,  0.840, -0.391,  0.053],
            [-0.552,  0.363,  0.000,  0.000],
            [ 0.000,  0.000,  0.172, -0.034],
            [ 0.000,  0.000, -1.922, -0.399]],

           [[ 0.000,  0.000,  0.000,  0.000],
            [ 0.000,  0.000, -0.569, -1.936],
            [ 0.000,  0.000, -1.155, -0.914],
            [ 0.000,  0.000, -2.117,  0.078],
            [ 0.000,  0.000,  0.306,  0.028]]],


          [[[ 0.000,  0.000,  0.000,  0.000],
            [-0.255, -0.327, -0.786,  0.978],
            [ 0.381, -1.224,  0.000,  0.000],
            [ 0.256,  0.130, -0.255, -0.327],
            [ 0.000,  0.000,  0.381, -1.224]],

           [[ 1.581, -1.129,  0.000,  0.000],
            [-0.039, -0.691, -0.600,  0.816],
            [ 1.445, -1.027,  1.581, -1.129],
            [ 0.874, -0.277, -0.039, -0.691],
            [ 0.000,  0.000,  1.445, -1.027]],

           [[ 0.000,  0.000,  0.000,  0.000],
            [ 1.088,  0.376, -0.456, -0.402],
            [-0.364,  0.853,  0.000,  0.000],
            [ 0.000,  0.000,  1.088,  0.376],
            [ 0.000,  0.000, -0.364,  0.853]]],


          [[[ 0.000,  0.000,  0.000,  0.000],
            [ 0.000,  0.000, -1.604,  1.444],
            [ 0.000,  0.000, -1.367,  1.290],
            [ 0.000,  0.000,  0.300, -1.404],
            [ 0.000,  0.000, -1.208, -1.369]],

           [[ 0.000,  0.000,  0.000,  0.000],
            [-0.435, -1.394, -0.654, -1.431],
            [-0.515, -0.572,  0.000,  0.000],
            [-1.476, -0.094,  0.536,  1.412],
            [ 0.000,  0.000,  1.174, -0.498]],

           [[ 0.143, -0.331,  0.000,  0.000],
            [ 0.791,  0.085,  0.000,  0.000],
            [-0.564,  0.383,  0.000,  0.000],
            [-1.408,  0.846,  0.000,  0.000],
            [ 0.000,  0.000,  0.000,  0.000]]]]]], dtype=torch.float64)

Simple column: values shift; they do not reflect.
 Input   Down     Up
     1      0      2
     2      1      3
     3      2      4
     4      3      0

Actual full-layer example: E=0, C=0, direction=0
Input feature 0:
 tensor([[ 0.017, -0.506,  0.656, -0.146,  1.607],
        [-1.169,  1.173, -1.457,  0.106,  0.776],
        [-0.398,  1.248,  0.313, -0.333, -0.620]], dtype=torch.float64)
Combined mask:
 tensor([[1., 1., 1., 1., 1.],
        [1., 1., 0., 1., 0.],
        [1., 1., 1., 1., 0.]], dtype=torch.float64)
Masked input feature 0:
 tensor([[ 0.017, -0.506,  0.656, -0.146,  1.607],
        [-1.169,  1.173, -0.000,  0.106,  0.000],
        [-0.398,  1.248,  0.313, -0.333, -0.000]], dtype=torch.float64)
Down: branch feature 0 (top row padded with zeros):
 tensor([[ 0.000,  0.000,  0.000,  0.000,  0.000],
        [ 0.017, -0.506,  0.656, -0.146,  1.607],
        [-1.169,  1.173,  0.000,  0.106,  0.000]], dtype=torch.float64)
Up: branch feature 2 (bottom row padded with zeros):
 tensor([[-1.169,  1.173,  0.000,  0.106,  0.000],
        [-0.398,  1.248,  0.313, -0.333,  0.000],
        [ 0.000,  0.000,  0.000,  0.000,  0.000]], dtype=torch.float64)
PASS: both branch grids match shifts of the same masked input.

PASS: TiedDirectionalConv full output matches for dims=(1, 1, 1, 1, 1)

PASS: TiedDirectionalConv full output matches for dims=(1, 0, 1, 1, 1)
TiedDirectionalConv branch shape: torch.Size([2, 3, 8, 3, 5, 4])
TiedDirectionalConv down grid (E=0, C=0, D=0, feature=0):
 tensor([[ 0.000,  0.000,  0.000,  0.000,  0.000],
        [ 0.017, -0.506,  0.656, -0.146,  1.607],
        [-1.169,  1.173,  0.000,  0.106,  0.000]], dtype=torch.float64)
TiedDirectionalConv up grid (E=0, C=0, D=0, feature=2):
 tensor([[-1.169,  1.173,  0.000,  0.106,  0.000],
        [-0.398,  1.248,  0.313, -0.333,  0.000],
        [ 0.000,  0.000,  0.000,  0.000,  0.000]], dtype=torch.float64)
Masking: combined input/output validity multiplies features before convolution.
Padding: convolution inserts numeric zeros at grid boundaries; no PAD token.
